Data;CasosDia;Temp. Ins. (C);Umi. Ins. (%);Chuva (mm);CasosDiasTarget
2020-03-20;3;26.616666666666664;42.5;4.453935660506502;2
2020-03-21;3;26.4625;52.833333333333336;4.453935660506502;2
2020-03-22;3;24.8125;64.54166666666667;8.799999999999999;4
2020-03-23;1;22.008333333333336;82.0;28.8;2
2020-03-24;0;21.225;83.66666666666667;0.2;2
2020-03-25;2;21.354166666666668;75.375;4.453935660506502;2
2020-03-26;2;20.754166666666663;60.375;4.453935660506502;3
2020-03-27;4;22.704166666666666;61.04166666666666;4.453935660506502;9
2020-03-28;2;22.491666666666664;59.208333333333336;4.453935660506502;1
2020-03-29;2;20.820833333333333;56.41666666666666;4.453935660506502;2
2020-03-30;2;17.854166666666668;51.833333333333336;4.453935660506502;5
2020-03-31;3;21.666666666666668;56.333333333333336;4.453935660506502;9
2020-04-01;9;21.3125;57.04166666666666;4.453935660506502;5
2020-04-02;1;22.058333333333334;61.75;4.453935660506502;5
2020-04-03;2;22.495833333333334;78.5;5.0;2
2020-04-04;5;23.383333333333336;77.125;4.453935660506502;2
2020-04-05;9;22.78333333333333;75.66666666666667;1.6;4
2020-04-06;5;23.84166666666667;72.41666666666667;4.453935660506502;2
2020-04-07;5;23.675;69.0;0.4;4
2020-04-08;2;17.983333333333334;70.16666666666667;4.453935660506502;1
2020-04-09;2;16.704166666666666;63.79166666666666;4.453935660506502;7
2020-04-10;4;20.3875;56.75;4.453935660506502;1
2020-04-11;2;19.09583333333333;73.58333333333333;23.6;0
2020-04-12;4;18.8625;79.58333333333333;0.2;1
2020-04-13;1;17.191666666666666;66.29166666666667;4.453935660506502;4
2020-04-14;7;17.495833333333334;56.333333333333336;4.453935660506502;4
2020-04-15;1;16.283333333333335;59.875;4.453935660506502;3
2020-04-16;0;17.095833333333335;61.083333333333336;4.453935660506502;3
2020-04-17;1;18.075;61.16666666666666;4.453935660506502;7
2020-04-18;4;19.508333333333333;69.0;4.453935660506502;5
2020-04-19;4;17.091666666666665;80.58333333333333;9.2;2
2020-04-20;3;12.204166666666666;68.20833333333333;4.453935660506502;4
2020-04-21;3;13.3875;62.583333333333336;4.453935660506502;6
2020-04-22;7;15.4;56.083333333333336;4.453935660506502;5
2020-04-23;5;17.6375;61.625;4.453935660506502;16
2020-04-24;2;18.245833333333334;66.45833333333333;4.453935660506502;11
2020-04-25;4;19.179166666666667;65.83333333333333;4.453935660506502;11
2020-04-26;6;19.654166666666665;65.375;4.453935660506502;2
2020-04-27;5;20.204166666666666;60.458333333333336;4.453935660506502;13
2020-04-28;16;19.508333333333333;62.208333333333336;4.453935660506502;6
2020-04-29;11;18.070833333333333;62.16666666666666;4.453935660506502;9
2020-04-30;11;20.979166666666668;62.91666666666666;4.453935660506502;4
2020-05-01;2;23.35;65.625;4.453935660506502;1
2020-05-02;13;10.270833333333334;32.916666666666664;4.453935660506502;2
2020-05-03;6;12.983333333333334;35.541666666666664;4.453935660506502;1
2020-05-04;9;20.933333333333334;62.91666666666666;4.453935660506502;7
2020-05-05;4;19.225;57.0;4.453935660506502;10
2020-05-06;1;20.175;63.75;4.453935660506502;11
2020-05-07;2;18.341666666666665;66.95833333333333;4.453935660506502;13
2020-05-08;1;16.470833333333335;55.708333333333336;4.453935660506502;13
2020-05-09;7;17.954166666666666;61.583333333333336;4.453935660506502;1
2020-05-10;10;17.633333333333333;71.08333333333333;4.453935660506502;6
2020-05-11;11;14.858333333333334;79.0;16.4;26
2020-05-12;13;9.9375;69.66666666666667;4.453935660506502;24
2020-05-13;13;12.083333333333334;62.583333333333336;4.453935660506502;6
2020-05-14;1;14.383333333333333;58.125;4.453935660506502;11
2020-05-15;6;17.383333333333333;64.58333333333333;4.453935660506502;11
2020-05-16;26;19.154166666666665;63.16666666666666;4.453935660506502;7
2020-05-17;24;17.370833333333334;77.25;8.2;0
2020-05-18;6;17.0875;93.75;5.2;29
2020-05-19;11;16.075;82.16666666666667;0.2;20
2020-05-20;11;13.6125;75.70833333333333;4.453935660506502;35
2020-05-21;7;14.345833333333331;67.0;4.453935660506502;34
2020-05-22;0;16.400000000000002;60.75;4.453935660506502;25
2020-05-23;29;18.266666666666666;57.958333333333336;4.453935660506502;10
2020-05-24;20;17.520833333333332;60.458333333333336;4.453935660506502;6
2020-05-25;35;18.6875;66.625;4.453935660506502;20
2020-05-26;34;19.766666666666666;65.83333333333333;4.453935660506502;14
2020-05-27;25;16.258333333333333;38.41666666666666;130.6;23
2020-05-28;10;7.170833333333333;93.25;1.8;23
2020-05-29;6;9.170833333333333;84.04166666666667;1.0;30
2020-05-30;20;8.904166666666667;76.70833333333333;4.453935660506502;29
2020-05-31;14;10.379166666666666;75.04166666666667;4.453935660506502;27
2020-06-01;23;12.725;72.875;4.453935660506502;52
2020-06-02;23;14.45;63.333333333333336;4.453935660506502;56
2020-06-03;30;14.008333333333333;62.458333333333336;4.453935660506502;43
2020-06-04;29;14.820833333333333;65.16666666666667;4.453935660506502;57
2020-06-05;27;15.804166666666667;63.125;4.453935660506502;40
2020-06-06;52;15.4875;81.625;0.4;131
2020-06-07;56;14.05;80.625;0.2;42
2020-06-08;43;12.941666666666668;84.0;4.453935660506502;95
2020-06-09;57;15.504166666666668;93.375;10.4;66
2020-06-10;40;15.995833333333332;88.29166666666667;17.2;81
2020-06-11;131;10.191666666666666;87.5;6.4;59
2020-06-12;42;11.7625;76.5;4.453935660506502;76
2020-06-13;95;15.945833333333333;71.375;4.453935660506502;37
2020-06-14;66;20.579166666666666;84.875;4.453935660506502;33
2020-06-15;81;20.791666666666668;86.375;6.8;74
2020-06-16;59;21.54583333333333;80.41666666666667;4.453935660506502;83
2020-06-17;76;20.445833333333333;77.20833333333333;4.453935660506502;81
2020-06-18;37;17.604166666666668;84.58333333333333;2.4;97
2020-06-19;33;16.733333333333334;81.79166666666667;4.453935660506502;104
2020-06-20;74;18.041666666666668;79.54166666666667;4.453935660506502;99
2020-06-21;83;17.912499999999998;76.70833333333333;4.453935660506502;105
2020-06-22;81;17.995833333333334;76.375;4.453935660506502;237
2020-06-23;97;18.5;76.5;4.453935660506502;160
2020-06-24;104;18.954166666666666;75.83333333333333;4.453935660506502;178
2020-06-25;99;19.329166666666666;73.125;4.453935660506502;273
2020-06-26;105;19.116666666666667;68.16666666666667;4.453935660506502;128
2020-06-27;237;19.179166666666667;66.54166666666667;4.453935660506502;192
2020-06-28;160;18.508333333333333;64.91666666666667;4.453935660506502;36
2020-06-29;178;17.75;64.125;4.453935660506502;144
2020-06-30;273;16.1375;82.04166666666667;20.4;118
2020-07-01;128;12.579166666666666;84.41666666666667;3.8;101
2020-07-02;192;13.741666666666667;88.66666666666667;6.2;55
2020-07-03;36;13.8625;86.0;4.453935660506502;81
2020-07-04;144;13.0625;77.58333333333333;0.8;43
2020-07-05;118;15.458333333333334;84.5;13.4;43
2020-07-06;101;8.520833333333334;81.54166666666667;4.453935660506502;70
2020-07-07;55;7.979166666666667;79.375;4.453935660506502;62
2020-07-08;81;8.954166666666667;70.75;4.453935660506502;117
2020-07-09;43;11.791666666666666;66.58333333333333;4.453935660506502;69
2020-07-10;43;16.333333333333332;70.625;4.453935660506502;74
2020-07-11;70;18.6125;80.58333333333333;1.7999999999999998;44
2020-07-12;62;18.92083333333333;81.04166666666667;1.2;23
2020-07-13;117;11.8375;92.79166666666669;15.4;59
2020-07-14;69;10.170833333333333;76.04166666666667;4.453935660506502;70
2020-07-15;74;12.45;70.58333333333333;4.453935660506502;60
2020-07-16;44;18.579166666666666;69.91666666666667;4.453935660506502;70
2020-07-17;23;19.70833333333333;71.20833333333333;4.453935660506502;59
2020-07-18;59;19.23333333333333;79.16666666666667;4.453935660506502;17
2020-07-19;70;17.1125;70.875;4.453935660506502;4
2020-07-20;60;15.7;60.833333333333336;4.453935660506502;61
2020-07-21;70;16.6375;71.83333333333333;4.453935660506502;77
2020-07-22;59;19.275;69.04166666666667;4.453935660506502;47
2020-07-23;17;19.779166666666665;68.20833333333333;4.453935660506502;67
2020-07-24;4;18.916666666666668;65.41666666666667;4.453935660506502;56
2020-07-25;61;18.141666666666666;64.875;4.453935660506502;38
2020-07-26;77;18.883333333333333;59.625;4.453935660506502;6
2020-07-27;47;19.604166666666668;57.208333333333336;4.453935660506502;67
2020-07-28;67;19.39583333333333;57.54166666666666;4.453935660506502;78
2020-07-29;56;19.65;55.66666666666666;4.453935660506502;71
2020-07-30;38;11.9625;77.45833333333333;0.6000000000000001;66
2020-07-31;6;11.95;75.5;4.453935660506502;54
2020-08-01;67;18.42083333333333;70.875;4.453935660506502;18
2020-08-02;78;17.904166666666665;67.29166666666667;4.453935660506502;9
2020-08-03;71;11.7125;80.33333333333333;0.6000000000000001;42
2020-08-04;66;12.7625;72.75;4.453935660506502;76
2020-08-05;54;15.8625;67.5;4.453935660506502;53
2020-08-06;18;18.058333333333334;63.04166666666666;4.453935660506502;41
2020-08-07;9;18.85833333333333;56.083333333333336;4.453935660506502;60
2020-08-08;42;17.974999999999998;53.833333333333336;4.453935660506502;17
2020-08-09;76;18.066666666666663;56.708333333333336;4.453935660506502;10
2020-08-10;53;16.783333333333335;55.833333333333336;4.453935660506502;68
2020-08-11;41;18.48333333333333;56.625;4.453935660506502;61
2020-08-12;60;17.683333333333334;51.875;4.453935660506502;57
2020-08-13;17;19.20833333333333;48.833333333333336;4.453935660506502;51
2020-08-14;10;19.5375;45.79166666666666;4.453935660506502;58
2020-08-15;68;19.95;47.375;4.453935660506502;19
2020-08-16;61;20.85;45.79166666666666;4.453935660506502;14
2020-08-17;57;16.604166666666668;69.83333333333333;6.4;80
2020-08-18;51;15.720833333333331;88.41666666666667;9.4;58
2020-08-19;58;18.129166666666663;80.95833333333333;0.2;43
2020-08-20;19;16.391666666666666;88.58333333333333;56.2;65
2020-08-21;14;15.5;87.125;7.8;34
2020-08-22;80;17.379166666666666;89.58333333333333;9.0;10
2020-08-23;58;16.483333333333334;94.70833333333331;20.8;11
2020-08-24;43;13.6625;93.29166666666669;35.6;85
2020-08-25;65;10.2375;89.16666666666667;0.4;66
2020-08-26;34;5.4875;67.16666666666667;4.453935660506502;68
2020-08-27;10;8.6;57.375;4.453935660506502;73
2020-08-28;11;12.6625;65.29166666666667;4.453935660506502;57
2020-08-29;85;16.358333333333334;59.41666666666666;4.453935660506502;24
2020-08-30;66;18.4125;58.458333333333336;4.453935660506502;15
2020-08-31;68;19.025;49.79166666666666;4.453935660506502;71
2020-09-01;73;20.6875;45.583333333333336;4.453935660506502;55
2020-09-02;57;21.016666666666666;43.125;4.453935660506502;66
2020-09-03;24;22.77916666666667;47.41666666666666;4.453935660506502;62
2020-09-04;15;24.079166666666666;42.41666666666666;4.453935660506502;31
2020-09-05;71;24.433333333333334;44.0;4.453935660506502;33
2020-09-06;55;22.5;58.208333333333336;4.453935660506502;8
2020-09-07;66;21.279166666666665;62.54166666666666;4.453935660506502;30
2020-09-08;62;20.89583333333333;67.29166666666667;4.453935660506502;81
2020-09-09;31;20.525;66.16666666666667;4.453935660506502;57
2020-09-10;33;24.65833333333333;50.54166666666666;4.453935660506502;75
2020-09-11;8;22.8625;40.5;4.453935660506502;40
2020-09-12;30;23.195833333333336;55.375;4.453935660506502;42
2020-09-13;81;20.6;73.875;4.453935660506502;27
2020-09-14;57;23.741666666666664;58.91666666666666;4.453935660506502;69
2020-09-15;75;25.995833333333334;49.958333333333336;4.453935660506502;70
2020-09-16;40;26.85833333333333;44.875;4.453935660506502;81
2020-09-17;42;27.120833333333334;35.333333333333336;4.453935660506502;74
2020-09-18;27;26.04583333333333;35.25;4.453935660506502;71
2020-09-19;69;23.29583333333333;47.833333333333336;4.453935660506502;41
2020-09-20;70;19.695833333333333;58.25;4.453935660506502;33
2020-09-21;81;17.070833333333333;36.625;4.453935660506502;81
2020-09-22;74;17.4875;71.70833333333333;4.4;69
2020-09-23;71;17.770833333333332;68.33333333333333;4.453935660506502;49
2020-09-24;41;21.84583333333333;50.5;4.453935660506502;70
2020-09-25;33;20.383333333333333;54.458333333333336;4.453935660506502;83
2020-09-26;81;18.45;49.625;0.4;40
2020-09-27;69;18.004166666666666;71.79166666666667;0.4;13
2020-09-28;49;18.729166666666668;62.66666666666666;4.453935660506502;75
2020-09-29;70;21.754166666666663;49.79166666666666;4.453935660506502;68
2020-09-30;83;24.1625;42.25;4.453935660506502;41
2020-10-01;40;26.34166666666667;40.583333333333336;4.453935660506502;77
2020-10-02;13;26.83333333333333;41.75;0.2;57
2020-10-03;75;18.54583333333333;77.16666666666667;14.8;32
2020-10-04;68;18.34583333333333;48.29166666666666;4.453935660506502;10
2020-10-05;41;28.2375;49.875;4.453935660506502;70
2020-10-06;77;29.6;35.75;4.453935660506502;101
2020-10-07;57;31.025;34.166666666666664;4.453935660506502;49
2020-10-08;32;31.141666666666666;38.25;4.453935660506502;40
2020-10-09;10;25.183333333333334;58.333333333333336;4.453935660506502;40
2020-10-10;70;25.0375;58.708333333333336;4.453935660506502;44
2020-10-11;101;27.2125;56.66666666666666;4.453935660506502;27
2020-10-12;49;28.883333333333336;50.41666666666666;4.453935660506502;8
2020-10-13;40;24.65833333333333;59.54166666666666;4.453935660506502;35
2020-10-14;40;22.075;66.75;0.2;38
2020-10-15;44;18.90833333333333;56.04166666666666;4.453935660506502;33
2020-10-16;27;21.979166666666668;43.54166666666666;4.453935660506502;49
2020-10-17;8;24.041666666666668;44.375;4.453935660506502;22
2020-10-18;35;24.725;43.16666666666666;4.453935660506502;13
2020-10-19;38;24.10833333333333;57.75;3.4;40
2020-10-20;33;19.025;81.25;4.2;38
2020-10-21;49;20.33333333333333;76.04166666666667;4.453935660506502;45
2020-10-22;22;20.316666666666663;59.79166666666666;4.453935660506502;35
2020-10-23;13;21.4125;54.083333333333336;4.453935660506502;42
2020-10-24;40;23.58333333333333;54.375;4.453935660506502;38
2020-10-25;38;24.054166666666664;59.29166666666666;4.453935660506502;7
2020-10-26;45;24.675;56.625;0.6;36
2020-10-27;35;23.320833333333336;49.75;4.453935660506502;48
2020-10-28;42;24.441666666666663;49.833333333333336;4.453935660506502;18
2020-10-29;38;23.67083333333333;61.583333333333336;1.4;82
2020-10-30;7;25.35833333333333;58.833333333333336;4.453935660506502;32
2020-10-31;36;21.325;72.41666666666667;23.4;20
2020-11-01;48;19.6625;68.125;4.453935660506502;4
2020-11-02;18;22.516666666666666;47.5;4.453935660506502;18
2020-11-03;82;20.741666666666667;56.29166666666666;0.2;51
2020-11-04;32;19.320833333333333;66.41666666666667;4.453935660506502;32
2020-11-05;20;19.2125;63.79166666666666;4.453935660506502;59
2020-11-06;4;20.2;55.208333333333336;4.453935660506502;63
2020-11-07;18;19.425;48.583333333333336;4.453935660506502;39
2020-11-08;51;21.004166666666663;42.79166666666666;4.453935660506502;32
2020-11-09;32;21.2625;43.16666666666666;4.453935660506502;80
2020-11-10;59;20.875;37.5;4.453935660506502;117
2020-11-11;63;22.808333333333334;32.958333333333336;4.453935660506502;103
2020-11-12;39;24.941666666666663;36.29166666666666;4.453935660506502;132
2020-11-13;32;27.308333333333334;38.958333333333336;4.453935660506502;105
2020-11-14;80;21.025;70.04166666666667;6.4;59
2020-11-15;117;19.45;83.29166666666667;5.4;26
2020-11-16;103;20.766666666666666;79.125;0.8;170
2020-11-17;132;22.09583333333333;70.83333333333333;4.453935660506502;116
2020-11-18;105;22.916666666666668;58.91666666666666;4.453935660506502;103
2020-11-19;59;25.95833333333333;45.875;4.453935660506502;81
2020-11-20;26;21.45833333333333;69.95833333333333;0.2;76
2020-11-21;170;22.516666666666666;68.25;4.453935660506502;56
2020-11-22;116;22.954166666666666;61.16666666666666;4.453935660506502;54
2020-11-23;103;17.508333333333333;76.0;20.6;139
2020-11-24;81;18.104166666666668;75.0;0.2;109
2020-11-25;76;20.445833333333333;53.333333333333336;4.453935660506502;207
2020-11-26;56;22.8875;40.875;4.453935660506502;122
2020-11-27;54;23.77916666666667;42.083333333333336;4.453935660506502;160
2020-11-28;139;23.6625;48.875;4.453935660506502;40
2020-11-29;109;14.783333333333331;33.958333333333336;4.453935660506502;29
2020-11-30;207;26.008333333333336;51.083333333333336;4.453935660506502;196
2020-12-01;122;24.679166666666664;57.833333333333336;4.2;146
2020-12-02;160;22.90833333333333;70.83333333333333;23.200000000000003;139
2020-12-03;40;23.72083333333333;68.75;4.2;117
2020-12-04;29;23.2375;71.5;1.6;182
2020-12-05;196;20.404166666666665;77.58333333333333;4.6000000000000005;122
2020-12-06;146;22.4875;77.08333333333333;0.2;91
2020-12-07;139;23.954166666666666;73.0;4.453935660506502;287
2020-12-08;117;19.6625;86.08333333333333;77.6;221
2020-12-09;182;18.716666666666665;92.08333333333331;25.6;200
2020-12-10;122;19.366666666666667;91.16666666666669;24.0;212
2020-12-11;91;19.05;85.70833333333333;0.4;220
2020-12-12;287;21.825;73.04166666666667;0.2;123
2020-12-13;221;22.77083333333333;58.625;4.453935660506502;102
2020-12-14;200;24.33333333333333;49.16666666666666;4.453935660506502;181
2020-12-15;212;24.14583333333333;53.16666666666666;4.453935660506502;217
2020-12-16;220;23.945833333333336;63.708333333333336;4.453935660506502;185
2020-12-17;123;23.791666666666668;66.83333333333333;4.453935660506502;218
2020-12-18;102;23.354166666666668;74.625;6.8;181
2020-12-19;181;19.925;85.54166666666667;24.4;23
2020-12-20;217;22.391666666666666;77.5;4.453935660506502;89
2020-12-21;185;20.60833333333333;84.08333333333333;30.6;280
2020-12-22;218;19.6125;88.125;19.6;127
2020-12-23;181;22.008333333333336;86.625;0.6000000000000001;131
2020-12-24;23;23.825;78.91666666666667;1.0;66
2020-12-25;89;22.5125;84.0;3.6;16
2020-12-26;280;21.27083333333333;82.375;1.4;138
2020-12-27;127;22.29583333333333;66.0;4.453935660506502;108
2020-12-28;131;22.825;70.33333333333333;4.453935660506502;148
2020-12-29;66;23.491666666666664;73.29166666666667;4.453935660506502;250
2020-12-30;16;22.29583333333333;68.0;4.453935660506502;92
2020-12-31;138;22.320833333333336;63.79166666666666;4.453935660506502;28
2021-01-01;108;22.34166666666667;71.375;1.8;12
2021-01-02;148;22.0;81.375;4.453935660506502;54
2021-01-03;250;20.141666666666666;80.66666666666667;18.0;52
2021-01-04;92;22.48333333333333;81.70833333333333;4.453935660506502;250
2021-01-05;28;22.370833333333334;84.375;0.8;222
2021-01-06;12;23.391666666666666;79.33333333333333;4.453935660506502;232
2021-01-07;54;23.325;72.91666666666667;4.453935660506502;128
2021-01-08;52;22.2;75.875;4.453935660506502;128
2021-01-09;250;21.120833333333334;76.625;4.453935660506502;94
2021-01-10;222;19.9375;90.125;8.4;72
2021-01-11;232;21.854166666666668;85.79166666666667;1.6;130
2021-01-12;128;21.683333333333334;83.45833333333333;0.8;242
2021-01-13;128;22.27916666666667;83.5;0.2;187
2021-01-14;94;22.7;83.0;4.453935660506502;185
2021-01-15;72;22.3125;82.875;0.6000000000000001;138
2021-01-16;130;23.9875;79.16666666666667;0.2;37
2021-01-17;242;23.8125;81.625;41.4;24
2021-01-18;187;22.6625;82.08333333333333;27.6;197
2021-01-19;185;22.9875;80.75;0.2;163
2021-01-20;138;22.21666666666667;79.79166666666667;4.453935660506502;134
2021-01-21;37;21.166666666666668;91.79166666666669;14.8;109
2021-01-22;24;21.02083333333333;93.54166666666669;43.0;166
2021-01-23;197;21.995833333333334;86.0;4.453935660506502;48
2021-01-24;163;17.675;74.0;17.0;14
2021-01-25;134;20.216666666666665;93.0;66.2;147
2021-01-26;109;19.816666666666663;91.91666666666669;16.0;141
2021-01-27;166;20.72083333333333;86.33333333333333;1.6;192
2021-01-28;48;21.3125;84.04166666666667;4.453935660506502;149
2021-01-29;14;21.133333333333333;86.20833333333333;2.8000000000000003;131
2021-01-30;147;20.85;88.625;13.4;29
2021-01-31;141;20.7875;87.0;4.453935660506502;17
2021-02-01;192;21.029166666666665;88.0;11.2;190
2021-02-02;149;20.679166666666667;91.58333333333331;14.6;207
2021-02-03;131;19.15;83.875;7.2;163
2021-02-04;29;20.1375;90.125;36.2;100
2021-02-05;17;18.445833333333333;92.75;38.2;105
2021-02-06;190;18.820833333333333;91.5;5.2;131
2021-02-07;207;20.6375;85.79166666666667;4.453935660506502;34
2021-02-08;163;24.079166666666666;82.58333333333333;4.453935660506502;108
2021-02-09;100;22.016666666666666;86.5;0.2;123
2021-02-10;105;19.079166666666666;77.375;4.453935660506502;206
2021-02-11;131;18.20833333333333;72.625;4.453935660506502;140
2021-02-12;34;20.4125;67.95833333333333;4.453935660506502;136
2021-02-13;108;21.35;59.375;4.453935660506502;128
2021-02-14;123;20.9125;68.70833333333333;4.453935660506502;51
2021-02-15;206;21.266666666666666;75.20833333333333;4.453935660506502;193
2021-02-16;140;19.97083333333333;79.375;1.6;83
2021-02-17;136;19.95;82.29166666666667;1.6;251
2021-02-18;128;21.133333333333333;76.5;4.453935660506502;275
2021-02-19;51;21.941666666666663;77.66666666666667;4.453935660506502;132
2021-02-20;193;21.229166666666668;77.83333333333333;4.453935660506502;213
2021-02-21;83;22.6875;72.45833333333333;4.453935660506502;47
2021-02-22;251;21.620833333333334;68.91666666666667;4.453935660506502;347
2021-02-23;275;20.504166666666663;59.54166666666666;4.453935660506502;273
2021-02-24;132;20.445833333333333;59.0;4.453935660506502;248
2021-02-25;213;22.945833333333336;56.75;4.453935660506502;243
2021-02-26;47;24.175;60.583333333333336;4.453935660506502;253
2021-02-27;347;24.46666666666667;63.5;4.453935660506502;234
2021-02-28;273;26.854166666666668;56.458333333333336;4.453935660506502;29
2021-03-01;248;23.84583333333333;68.16666666666667;6.0;312
2021-03-02;243;23.916666666666668;70.54166666666667;0.4;378
2021-03-03;253;23.5;63.25;4.453935660506502;247
2021-03-04;234;23.975;60.41666666666666;0.2;252
2021-03-05;29;23.28333333333333;62.5;4.453935660506502;308
2021-03-06;312;23.079166666666666;70.54166666666667;1.0;91
2021-03-07;378;22.7125;74.16666666666667;0.2;40
2021-03-08;247;21.4875;81.58333333333333;5.0;273
2021-03-09;252;19.066666666666663;92.20833333333331;57.0;310
2021-03-10;308;21.175;85.45833333333333;0.6000000000000001;211
2021-03-11;91;21.008333333333333;80.54166666666667;4.453935660506502;218
2021-03-12;40;23.141666666666666;67.66666666666667;4.453935660506502;143
2021-03-13;273;23.641666666666666;64.08333333333333;4.453935660506502;152
2021-03-14;310;23.558333333333334;56.458333333333336;4.453935660506502;18
2021-03-15;211;22.5125;55.75;4.453935660506502;199
2021-03-16;218;23.1125;47.66666666666666;4.453935660506502;201
2021-03-17;143;24.2125;42.958333333333336;4.453935660506502;206
2021-03-18;152;25.175;42.79166666666666;4.453935660506502;177
2021-03-19;18;25.870833333333334;44.29166666666666;4.453935660506502;145
2021-03-20;199;25.075;56.375;4.453935660506502;89
2021-03-21;201;25.479166666666668;59.375;4.453935660506502;8
2021-03-22;206;20.14583333333333;71.20833333333333;7.399999999999999;202
2021-03-23;177;22.53333333333333;75.45833333333333;4.453935660506502;198
2021-03-24;145;23.0625;69.04166666666667;4.453935660506502;115
2021-03-25;89;23.40416666666667;73.41666666666667;3.8;149
2021-03-26;8;24.40416666666667;70.70833333333333;4.453935660506502;169
2021-03-27;202;21.1625;70.54166666666667;16.599999999999998;52
2021-03-28;198;23.854166666666668;74.83333333333333;1.0;6
2021-03-29;115;23.929166666666664;71.125;0.6000000000000001;148
2021-03-30;149;24.6875;63.29166666666666;4.453935660506502;97
2021-03-31;169;24.75;66.45833333333333;4.453935660506502;108
2021-04-01;52;24.73333333333333;65.79166666666667;4.453935660506502;130
2021-04-02;6;23.775;69.79166666666667;4.453935660506502;8
2021-04-03;148;21.191666666666663;81.58333333333333;4.453935660506502;11
2021-04-04;97;18.070833333333333;76.16666666666667;5.2;6
2021-04-05;108;17.587500000000002;68.875;4.453935660506502;121
2021-04-06;130;18.558333333333334;58.083333333333336;4.453935660506502;59
2021-04-07;8;20.116666666666667;56.625;4.453935660506502;136
2021-04-08;11;21.6625;56.54166666666666;4.453935660506502;56
2021-04-09;6;21.616666666666664;61.583333333333336;4.453935660506502;65
2021-04-10;121;21.275;62.0;4.453935660506502;51
2021-04-11;59;20.5625;65.875;4.453935660506502;15
2021-04-12;136;20.854166666666668;66.79166666666667;4.453935660506502;80
2021-04-13;56;21.1;66.83333333333333;4.453935660506502;62
2021-04-14;65;22.225;65.95833333333333;4.453935660506502;49
2021-04-15;51;22.27916666666667;59.16666666666666;4.453935660506502;74
2021-04-16;15;22.90416666666667;55.16666666666666;4.453935660506502;41
2021-04-17;80;21.933333333333334;78.95833333333333;4.453935660506502;25
2021-04-18;62;21.883333333333336;72.66666666666667;4.453935660506502;4
2021-04-19;49;21.05;72.41666666666667;4.453935660506502;54
2021-04-20;74;20.841666666666665;67.0;4.453935660506502;45
2021-04-21;41;19.15833333333333;74.25;1.4;10
2021-04-22;25;19.9;73.08333333333333;4.453935660506502;39
2021-04-23;4;19.966666666666665;71.91666666666667;4.453935660506502;46
2021-04-24;54;19.85;68.08333333333333;4.453935660506502;34
2021-04-25;45;19.579166666666666;66.625;4.453935660506502;4
2021-04-26;10;18.79583333333333;64.79166666666667;4.453935660506502;81
2021-04-27;39;18.133333333333333;67.08333333333333;4.453935660506502;62
2021-04-28;46;18.1;66.16666666666667;4.453935660506502;81
2021-04-29;34;17.3;73.375;0.2;45
2021-04-30;4;17.354166666666668;82.5;0.8;49
2021-05-01;81;15.879166666666668;74.375;4.453935660506502;16
2021-05-02;62;14.8;68.375;1.4;14
2021-05-03;81;16.2;61.5;4.453935660506502;103
2021-05-04;45;16.716666666666665;54.91666666666666;4.453935660506502;74
2021-05-05;49;16.541666666666668;63.333333333333336;4.453935660506502;74
2021-05-06;16;17.983333333333334;66.0;4.453935660506502;102
2021-05-07;14;20.34583333333333;69.45833333333333;4.453935660506502;85
2021-05-08;103;20.866666666666667;64.79166666666667;4.453935660506502;25
2021-05-09;74;21.1125;60.083333333333336;4.453935660506502;7
2021-05-10;74;21.4375;56.083333333333336;4.453935660506502;131
2021-05-11;102;15.916666666666666;90.41666666666669;5.2;95
2021-05-12;85;11.854166666666666;72.0;0.8;123
2021-05-13;25;14.85;70.375;4.453935660506502;109
2021-05-14;7;17.545833333333334;68.125;4.453935660506502;158
2021-05-15;131;18.9375;66.41666666666667;4.453935660506502;39
2021-05-16;95;18.716666666666665;69.33333333333333;0.2;14
2021-05-17;123;15.558333333333332;91.29166666666669;9.2;91
2021-05-18;109;14.825;80.375;4.453935660506502;107
2021-05-19;158;14.733333333333334;74.75;4.453935660506502;205
2021-05-20;39;16.349999999999998;70.875;4.453935660506502;165
2021-05-21;14;17.587500000000002;73.95833333333333;4.453935660506502;156
2021-05-22;91;17.266666666666666;72.91666666666667;4.453935660506502;59
2021-05-23;107;15.3375;67.25;4.453935660506502;22
2021-05-24;205;16.241666666666667;55.41666666666666;4.453935660506502;210
2021-05-25;165;17.8;56.583333333333336;4.453935660506502;175
2021-05-26;156;20.7625;58.66666666666666;4.453935660506502;178
2021-05-27;59;19.2;78.41666666666667;10.4;231
2021-05-28;22;12.254166666666668;67.04166666666667;4.453935660506502;256
2021-05-29;210;8.504166666666666;74.91666666666667;4.453935660506502;67
2021-05-30;175;12.6625;57.708333333333336;4.453935660506502;25
2021-05-31;178;16.370833333333334;51.375;4.453935660506502;240
2021-06-01;231;18.70833333333333;57.125;4.453935660506502;288
2021-06-02;256;20.195833333333333;68.29166666666667;4.453935660506502;286
2021-06-03;67;21.42083333333333;72.91666666666667;0.2;64
2021-06-04;25;18.0;79.04166666666667;1.0;202
2021-06-05;240;16.2625;72.95833333333333;4.453935660506502;76
2021-06-06;288;15.6875;85.375;4.453935660506502;38
2021-06-07;286;18.116666666666667;81.58333333333333;4.453935660506502;191
2021-06-08;64;20.5375;75.70833333333333;4.453935660506502;232
2021-06-09;202;20.066666666666663;70.29166666666667;4.453935660506502;187
2021-06-10;76;20.495833333333334;67.0;4.453935660506502;168
2021-06-11;38;16.4375;81.33333333333333;12.4;144
2021-06-12;191;16.083333333333332;89.58333333333333;11.2;47
2021-06-13;232;16.691666666666666;86.66666666666667;6.4;28
2021-06-14;187;17.474999999999998;82.91666666666667;4.453935660506502;140
2021-06-15;168;17.379166666666666;89.0;9.0;157
2021-06-16;144;16.0625;82.25;4.453935660506502;117
2021-06-17;47;12.491666666666667;74.20833333333333;4.453935660506502;83
2021-06-18;28;14.141666666666666;65.04166666666667;4.453935660506502;119
2021-06-19;140;14.366666666666667;71.41666666666667;4.453935660506502;34
2021-06-20;157;14.995833333333332;72.66666666666667;4.453935660506502;11
2021-06-21;117;13.320833333333333;79.58333333333333;4.453935660506502;113
2021-06-22;83;11.583333333333334;78.625;4.453935660506502;140
2021-06-23;119;12.7;80.91666666666667;1.4;131
2021-06-24;34;12.608333333333334;95.0;31.2;110
2021-06-25;11;11.4375;88.5;1.6;120
2021-06-26;113;11.308333333333332;91.45833333333331;9.6;35
2021-06-27;140;15.008333333333333;88.45833333333333;1.0;17
2021-06-28;131;16.754166666666666;80.58333333333333;4.453935660506502;96
2021-06-29;110;16.166666666666668;75.5;4.453935660506502;78
2021-06-30;120;18.466666666666665;82.54166666666667;1.2000000000000002;73
2021-07-01;35;19.666666666666668;76.08333333333333;4.453935660506502;86
2021-07-02;17;13.420833333333334;85.5;6.0;73
2021-07-03;96;5.2;89.54166666666667;4.0;24
2021-07-04;78;3.1166666666666667;75.83333333333333;4.453935660506502;12
2021-07-05;73;5.720833333333334;71.125;4.453935660506502;103
2021-07-06;86;9.266666666666667;65.91666666666667;4.453935660506502;78
2021-07-07;73;12.8375;60.333333333333336;4.453935660506502;100
2021-07-08;24;14.483333333333334;53.75;4.453935660506502;59
2021-07-09;12;15.316666666666668;54.875;4.453935660506502;54
2021-07-10;103;15.5875;65.83333333333333;4.453935660506502;38
2021-07-11;78;15.616666666666667;58.833333333333336;4.453935660506502;20
2021-07-12;100;14.55;66.04166666666667;4.453935660506502;61
2021-07-13;59;16.425;57.625;4.453935660506502;56
2021-07-14;54;15.145833333333334;61.5;4.453935660506502;99
2021-07-15;38;15.741666666666667;64.58333333333333;4.453935660506502;89
2021-07-16;20;17.6375;56.125;4.453935660506502;69
2021-07-17;61;16.5875;55.41666666666666;4.453935660506502;38
2021-07-18;56;16.416666666666668;48.16666666666666;4.453935660506502;27
2021-07-19;99;18.945833333333333;52.708333333333336;4.453935660506502;87
2021-07-20;89;17.05;62.083333333333336;2.6;91
2021-07-21;69;14.170833333333334;90.75;0.8;76
2021-07-22;38;14.516666666666666;85.625;0.2;118
2021-07-23;27;7.845833333333334;70.54166666666667;4.453935660506502;74
2021-07-24;87;5.0625;61.91666666666666;4.453935660506502;50
2021-07-25;91;9.5625;55.958333333333336;4.453935660506502;30
2021-07-26;76;13.695833333333333;47.16666666666666;4.453935660506502;112
2021-07-27;118;17.241666666666667;39.583333333333336;4.453935660506502;104
2021-07-28;74;19.4375;35.125;4.453935660506502;86
2021-07-29;50;19.258333333333333;49.79166666666666;4.453935660506502;74
2021-07-30;30;19.075;52.75;4.453935660506502;75
2021-07-31;112;21.166666666666668;50.16666666666666;4.453935660506502;29
2021-08-01;104;13.991666666666667;75.70833333333333;13.8;34
2021-08-02;86;4.758333333333334;60.208333333333336;4.453935660506502;77
2021-08-03;74;3.3166666666666664;62.708333333333336;4.453935660506502;74
2021-08-04;75;6.516666666666667;53.66666666666666;4.453935660506502;91
2021-08-05;29;10.595833333333331;50.41666666666666;4.453935660506502;112
2021-08-06;34;13.566666666666668;68.70833333333333;4.2;100
2021-08-07;77;14.395833333333334;61.083333333333336;4.453935660506502;67
2021-08-08;74;13.375;54.91666666666666;4.453935660506502;50
2021-08-09;91;13.9875;55.458333333333336;4.453935660506502;161
2021-08-10;112;14.979166666666666;62.708333333333336;4.453935660506502;169
2021-08-11;100;17.908333333333335;59.583333333333336;4.453935660506502;127
2021-08-12;67;18.816666666666663;60.41666666666666;4.453935660506502;121
2021-08-13;50;19.125;58.333333333333336;4.453935660506502;148
2021-08-14;161;20.55;50.833333333333336;4.453935660506502;68
2021-08-15;169;19.1125;58.79166666666666;4.453935660506502;35
2021-08-16;127;14.641666666666666;78.79166666666667;4.453935660506502;173
2021-08-17;121;13.933333333333332;76.45833333333333;7.800000000000001;177
2021-08-18;148;12.083333333333334;90.91666666666669;12.4;151
2021-08-19;68;16.908333333333335;75.58333333333333;0.6000000000000001;204
2021-08-20;35;19.754166666666663;69.08333333333333;4.453935660506502;186
2021-08-21;173;21.558333333333334;62.375;4.453935660506502;68
2021-08-22;177;23.4;48.833333333333336;4.453935660506502;51
2021-08-23;151;25.229166666666668;40.75;4.453935660506502;195
2021-08-24;204;24.629166666666663;38.833333333333336;4.453935660506502;274
2021-08-25;186;23.525;40.25;4.453935660506502;229
2021-08-26;68;23.541666666666668;36.708333333333336;4.453935660506502;192
2021-08-27;51;22.866666666666664;37.79166666666666;4.453935660506502;194
2021-08-28;195;22.5875;40.66666666666666;4.453935660506502;107
2021-08-29;274;23.2625;48.25;0.4;47
2021-08-30;229;22.70833333333333;52.625;4.453935660506502;317
2021-08-31;192;13.408333333333331;87.33333333333333;6.6000000000000005;214
2021-09-01;194;12.425;83.08333333333333;4.453935660506502;189
2021-09-02;107;15.2625;80.875;4.453935660506502;181
2021-09-03;47;18.579166666666666;70.79166666666667;4.453935660506502;202
2021-09-04;317;18.225;64.20833333333333;4.453935660506502;97
2021-09-05;214;19.154166666666665;57.958333333333336;4.453935660506502;50
2021-09-06;189;19.479166666666668;55.625;4.453935660506502;142
2021-09-07;181;20.975;46.75;4.453935660506502;119
2021-09-08;202;23.320833333333336;40.25;4.453935660506502;280
2021-09-09;97;23.508333333333336;49.29166666666666;4.453935660506502;261
2021-09-10;50;21.479166666666668;66.04166666666667;4.6000000000000005;183
2021-09-11;142;23.741666666666664;53.333333333333336;4.453935660506502;73
2021-09-12;119;25.25;50.708333333333336;4.453935660506502;63
2021-09-13;280;21.354166666666668;67.29166666666667;9.2;199
2021-09-14;261;14.991666666666667;71.25;0.2;193
2021-09-15;183;14.1125;61.625;4.453935660506502;188
2021-09-16;73;17.0625;66.83333333333333;6.0;135
2021-09-17;63;22.441666666666663;60.16666666666666;4.453935660506502;173
2021-09-18;199;26.6;49.125;4.453935660506502;97
2021-09-19;193;21.39583333333333;73.75;33.8;29
2021-09-20;188;18.570833333333333;80.25;0.2;125
2021-09-21;135;19.933333333333334;80.25;6.2;173
2021-09-22;173;20.28333333333333;67.875;4.453935660506502;144
2021-09-23;97;24.641666666666666;59.833333333333336;4.453935660506502;118
2021-09-24;29;27.991666666666664;47.25;4.453935660506502;104
2021-09-25;125;28.79583333333333;41.25;4.453935660506502;60
2021-09-26;173;25.229166666666668;53.833333333333336;4.453935660506502;19
2021-09-27;144;21.0125;61.708333333333336;4.453935660506502;94
2021-09-28;118;19.14583333333333;50.833333333333336;4.453935660506502;72
2021-09-29;104;21.054166666666667;56.458333333333336;4.453935660506502;82
2021-09-30;60;22.1125;49.375;4.453935660506502;60
2021-10-01;19;24.97083333333333;36.333333333333336;4.453935660506502;71
2021-10-02;94;25.104166666666668;48.458333333333336;4.453935660506502;20
2021-10-03;72;26.204166666666666;44.875;4.453935660506502;16
2021-10-04;82;21.2125;70.45833333333333;2.0;69
2021-10-05;60;22.429166666666664;65.41666666666667;4.453935660506502;27
2021-10-06;71;19.391666666666666;77.41666666666667;41.6;32
2021-10-07;20;16.229166666666668;90.79166666666669;39.8;54
2021-10-08;16;16.066666666666666;93.08333333333331;74.8;51
2021-10-09;69;17.458333333333332;87.70833333333333;15.8;16
2021-10-10;27;19.0125;74.625;4.453935660506502;11
2021-10-11;32;22.20833333333333;74.83333333333333;7.0;22
2021-10-12;54;18.775;90.79166666666669;38.6;16
2021-10-13;51;19.8125;86.0;4.453935660506502;46
2021-10-14;16;17.891666666666666;85.54166666666667;34.0;42
2021-10-15;11;17.220833333333335;81.125;4.453935660506502;23
2021-10-16;22;19.933333333333334;70.95833333333333;4.453935660506502;15
2021-10-17;16;21.891666666666666;63.5;4.453935660506502;17
2021-10-18;46;23.495833333333334;49.54166666666666;4.453935660506502;77
2021-10-19;42;20.175;73.45833333333333;42.8;32
2021-10-20;23;18.445833333333333;90.41666666666669;90.4;46
2021-10-21;15;18.3125;81.91666666666667;0.2;20
2021-10-22;17;18.3875;82.54166666666667;4.6000000000000005;25
2021-10-23;77;17.566666666666666;71.79166666666667;4.453935660506502;11
2021-10-24;32;17.733333333333334;76.125;0.4;2
2021-10-25;46;17.604166666666668;65.625;4.453935660506502;27
2021-10-26;20;18.2;54.708333333333336;4.453935660506502;8
2021-10-27;25;21.9125;46.66666666666666;4.453935660506502;25
2021-10-28;11;19.27083333333333;60.75;53.4;22
2021-10-29;2;17.099999999999998;77.95833333333333;5.4;27
2021-10-30;27;18.275;64.08333333333333;4.453935660506502;9
2021-10-31;8;22.5;53.208333333333336;4.453935660506502;5
2021-11-01;25;23.495833333333334;45.25;4.453935660506502;6
2021-11-02;22;23.9375;60.0;4.453935660506502;2
2021-11-03;27;23.60833333333333;64.04166666666667;4.453935660506502;50
2021-11-04;9;22.141666666666666;66.83333333333333;1.0;50
2021-11-05;5;20.229166666666668;76.83333333333333;5.6000000000000005;45
2021-11-06;6;21.141666666666666;66.625;4.453935660506502;5
2021-11-07;2;23.016666666666666;59.5;4.453935660506502;5
2021-11-08;50;24.21666666666667;56.0;4.453935660506502;23
2021-11-09;50;25.916666666666668;55.04166666666666;4.453935660506502;15
2021-11-10;45;24.90416666666667;62.25;0.4;18
2021-11-11;5;22.495833333333334;73.95833333333333;0.4;18
2021-11-12;5;23.875;68.66666666666667;4.453935660506502;13
2021-11-13;23;23.116666666666664;67.375;0.6;8
2021-11-14;15;23.495833333333334;67.20833333333333;4.453935660506502;0
2021-11-15;18;22.0875;65.08333333333333;4.453935660506502;4
2021-11-16;18;20.975;70.95833333333333;1.8;20
2021-11-17;13;21.675;65.95833333333333;4.453935660506502;21
2021-11-18;8;20.6375;62.25;4.453935660506502;6
2021-11-19;0;20.791666666666668;56.083333333333336;4.453935660506502;9
2021-11-20;4;22.8375;56.875;4.453935660506502;4
2021-11-21;20;24.3625;56.16666666666666;4.453935660506502;3
2021-11-22;21;24.120833333333334;62.79166666666666;4.453935660506502;14
2021-11-23;6;20.67083333333333;86.83333333333333;5.0;6
2021-11-24;9;21.204166666666666;75.83333333333333;4.453935660506502;3
2021-11-25;4;21.77916666666667;67.70833333333333;4.453935660506502;4
2021-11-26;3;23.8375;61.79166666666666;4.453935660506502;2
2021-11-27;14;24.683333333333334;50.91666666666666;4.453935660506502;1
2021-11-28;6;26.354166666666668;41.54166666666666;4.453935660506502;3
2021-11-29;3;26.04583333333333;53.458333333333336;4.453935660506502;9
2021-11-30;4;24.370833333333334;64.54166666666667;58.0;7
2021-12-01;2;20.925;80.91666666666667;16.2;6
2021-12-02;1;20.5625;72.45833333333333;4.453935660506502;1
2021-12-03;3;21.9375;72.83333333333333;2.0;1
2021-12-04;9;19.8375;74.54166666666667;4.453935660506502;1
2021-12-05;7;19.2125;66.54166666666667;4.453935660506502;4
2021-12-06;6;22.054166666666664;60.04166666666666;4.453935660506502;5
2021-12-07;1;24.325;53.91666666666666;4.453935660506502;3
2021-12-08;1;23.695833333333336;58.125;4.453935660506502;1
2021-12-09;1;23.695833333333336;63.5;4.453935660506502;2
2021-12-10;4;25.40833333333333;59.958333333333336;4.453935660506502;1
2021-12-11;5;24.516666666666666;61.66666666666666;4.453935660506502;0
2021-12-12;3;21.008333333333333;63.16666666666666;4.453935660506502;4
2021-12-13;1;20.225;59.5;4.453935660506502;2
2021-12-14;2;21.558333333333334;55.583333333333336;4.453935660506502;5
2021-12-15;1;23.004166666666663;51.04166666666666;4.453935660506502;1
2021-12-16;0;24.854166666666668;48.04166666666666;4.453935660506502;1
2021-12-17;4;25.008333333333336;55.208333333333336;4.453935660506502;2
2021-12-18;2;24.45833333333333;68.95833333333333;0.2;2
2021-12-19;5;24.6625;72.25;4.453935660506502;2
2021-12-20;1;25.96666666666667;71.41666666666667;4.453935660506502;4
2021-12-21;1;26.3875;67.95833333333333;4.453935660506502;4
2021-12-22;2;27.008333333333336;62.958333333333336;4.453935660506502;3
2021-12-23;2;26.379166666666663;64.125;4.453935660506502;2
2021-12-24;2;25.59166666666667;60.54166666666666;4.453935660506502;4
2021-12-25;4;25.35;58.708333333333336;4.453935660506502;2
2021-12-26;4;25.620833333333334;56.66666666666666;1.4;3
2021-12-27;3;26.675;57.833333333333336;4.453935660506502;4
2021-12-28;2;26.3875;54.375;4.453935660506502;8
2021-12-29;4;23.84166666666667;48.833333333333336;4.453935660506502;9
2021-12-30;2;24.9;52.25;4.453935660506502;10
2021-12-31;3;26.454166666666666;49.208333333333336;4.453935660506502;13
2022-01-01;4;26.15833333333333;54.66666666666666;4.453935660506502;0
2022-01-02;8;27.15416666666667;38.958333333333336;4.453935660506502;13
2022-01-03;9;25.916666666666668;54.25;4.453935660506502;28
2022-01-04;10;21.4375;73.08333333333333;1.2;66
2022-01-05;13;22.09166666666667;68.33333333333333;4.453935660506502;114
2022-01-06;0;25.070833333333336;60.875;4.453935660506502;128
2022-01-07;13;26.941666666666663;57.375;4.453935660506502;183
2022-01-08;28;22.695833333333336;74.20833333333333;1.4;86
2022-01-09;66;23.054166666666664;76.29166666666667;1.4;49
2022-01-10;114;24.891666666666666;69.66666666666667;4.453935660506502;199
2022-01-11;128;23.5875;69.91666666666667;1.6;234
2022-01-12;183;23.929166666666664;67.04166666666667;4.453935660506502;329
2022-01-13;86;22.5375;67.20833333333333;4.453935660506502;318
2022-01-14;49;21.22083333333333;66.58333333333333;4.453935660506502;331
2022-01-15;199;21.45833333333333;64.33333333333333;4.453935660506502;206
2022-01-16;234;23.041666666666668;63.583333333333336;4.453935660506502;159
2022-01-17;329;23.7625;65.75;0.2;487
2022-01-18;318;22.504166666666663;73.16666666666667;0.2;441
2022-01-19;331;23.85833333333333;74.16666666666667;6.6;400
2022-01-20;206;25.64583333333333;69.91666666666667;0.2;622
2022-01-21;159;26.791666666666668;63.708333333333336;4.453935660506502;603
2022-01-22;487;25.891666666666666;62.29166666666666;4.453935660506502;344
2022-01-23;441;26.825;61.208333333333336;5.0;240
2022-01-24;400;24.191666666666663;70.54166666666667;6.2;721
2022-01-25;622;25.870833333333334;66.83333333333333;0.6;725
2022-01-26;603;25.433333333333334;65.16666666666667;4.453935660506502;878
2022-01-27;344;27.4;57.458333333333336;4.453935660506502;802
2022-01-28;240;27.40416666666667;58.625;2.4000000000000004;676
2022-01-29;721;26.27916666666667;65.5;15.6;378
2022-01-30;725;25.041666666666668;68.91666666666667;8.6;109
2022-01-31;878;10.675;41.875;0.2;733
2022-02-01;802;13.3375;49.29166666666666;96.0;814
2022-02-02;676;20.6875;94.70833333333331;56.6;824
2022-02-03;378;20.7875;84.79166666666667;4.453935660506502;705
2022-02-04;109;21.279166666666665;79.375;10.2;678
2022-02-05;733;22.683333333333334;74.25;4.453935660506502;225
2022-02-06;814;25.3125;58.458333333333336;4.453935660506502;57
2022-02-07;824;25.054166666666664;62.25;4.453935660506502;732
2022-02-08;705;22.604166666666668;77.70833333333333;4.8;752
2022-02-09;678;21.154166666666665;89.70833333333333;19.6;653
2022-02-10;225;20.3375;89.66666666666667;46.2;545
2022-02-11;57;22.71666666666667;74.04166666666667;4.453935660506502;515
2022-02-12;732;21.14583333333333;51.625;4.453935660506502;214
2022-02-13;752;21.225;48.833333333333336;0.6;153
2022-02-14;653;22.98333333333333;53.333333333333336;4.453935660506502;512
2022-02-15;545;24.9875;56.375;4.453935660506502;691
2022-02-16;515;25.33333333333333;52.875;4.453935660506502;517
2022-02-17;214;25.129166666666663;53.75;4.453935660506502;469
2022-02-18;153;25.40833333333333;57.75;4.453935660506502;458
2022-02-19;512;25.745833333333334;59.91666666666666;4.453935660506502;179
2022-02-20;691;27.141666666666666;48.75;4.453935660506502;144
2022-02-21;517;27.1125;49.083333333333336;4.453935660506502;398
2022-02-22;469;24.77916666666667;57.0;4.453935660506502;381
2022-02-23;458;24.491666666666664;52.25;4.453935660506502;387
2022-02-24;179;23.90416666666667;55.16666666666666;4.453935660506502;367
2022-02-25;144;25.20833333333333;57.54166666666666;4.453935660506502;246
2022-02-26;398;24.7375;62.958333333333336;4.453935660506502;106
2022-02-27;381;24.195833333333336;69.125;12.4;70
2022-02-28;387;25.266666666666666;69.95833333333333;4.4;190
2022-03-01;367;26.0625;67.54166666666667;4.453935660506502;148
2022-03-02;246;24.08333333333333;76.95833333333333;5.8;229
2022-03-03;106;25.204166666666666;71.70833333333333;1.6;274
2022-03-04;70;26.34583333333333;64.54166666666667;4.453935660506502;188
2022-03-05;190;25.633333333333336;69.33333333333333;15.8;53
2022-03-06;148;23.991666666666664;80.75;10.2;88
2022-03-07;229;23.575;79.45833333333333;0.4;188
2022-03-08;274;22.04583333333333;85.79166666666667;45.4;196
2022-03-09;188;22.725;80.20833333333333;4.453935660506502;181
2022-03-10;53;24.195833333333336;73.33333333333333;4.453935660506502;177
2022-03-11;88;25.1625;70.5;4.453935660506502;82
2022-03-12;188;25.245833333333334;68.54166666666667;4.453935660506502;27
2022-03-13;196;26.20833333333333;65.375;4.453935660506502;62
2022-03-14;181;25.391666666666666;67.875;4.453935660506502;136
2022-03-15;177;23.475;76.375;1.8;69
2022-03-16;82;20.625;87.25;24.6;73
2022-03-17;27;20.183333333333334;88.875;3.6;77
2022-03-18;62;20.558333333333334;88.5;12.0;88
2022-03-19;136;21.75;77.66666666666667;4.453935660506502;16
2022-03-20;69;20.8;74.16666666666667;4.453935660506502;27
2022-03-21;73;22.4375;76.91666666666667;4.453935660506502;88
2022-03-22;77;23.641666666666666;77.04166666666667;4.453935660506502;53
2022-03-23;88;23.1375;81.375;1.6;48
2022-03-24;16;22.6;80.95833333333333;5.2;46
2022-03-25;27;22.03333333333333;77.25;4.453935660506502;37
2022-03-26;88;20.77083333333333;72.5;4.453935660506502;14
2022-03-27;53;20.683333333333334;70.875;4.453935660506502;2
2022-03-28;48;21.204166666666666;78.41666666666667;7.4;49
2022-03-29;46;21.308333333333334;81.33333333333333;28.2;53
2022-03-30;37;17.912499999999998;90.5;34.0;23
2022-03-31;14;18.058333333333334;74.58333333333333;4.453935660506502;17
2022-04-01;2;19.179166666666667;73.91666666666667;4.453935660506502;19
2022-04-02;49;21.816666666666663;69.25;4.453935660506502;6
2022-04-03;53;22.954166666666666;76.875;4.453935660506502;2
2022-04-04;23;21.34166666666667;83.75;14.4;30
2022-04-05;17;16.4375;78.91666666666667;4.453935660506502;22
2022-04-06;19;17.037499999999998;75.5;4.453935660506502;27
2022-04-07;6;18.070833333333333;80.125;4.453935660506502;13
2022-04-08;2;20.825;77.33333333333333;4.453935660506502;11
2022-04-09;30;19.366666666666667;88.58333333333333;36.4;0
2022-04-10;22;20.4;83.25;4.453935660506502;17
2022-04-11;27;22.616666666666664;80.25;4.453935660506502;8
2022-04-12;13;21.79583333333333;85.625;2.2;16
2022-04-13;11;20.1;88.75;4.0;9
2022-04-14;0;21.291666666666668;81.125;4.453935660506502;6
2022-04-15;17;22.008333333333336;74.83333333333333;4.453935660506502;8
2022-04-16;8;19.370833333333334;85.41666666666667;39.2;8
2022-04-17;16;17.741666666666667;91.875;92.0;19
2022-04-18;9;19.45833333333333;87.91666666666667;0.2;14
2022-04-19;6;18.829166666666666;80.33333333333333;4.453935660506502;14
2022-04-20;8;14.970833333333331;70.08333333333333;4.453935660506502;22
2022-04-21;8;15.254166666666668;65.08333333333333;4.453935660506502;4
2022-04-22;19;16.537499999999998;66.08333333333333;4.453935660506502;17
2022-04-23;14;17.9875;68.45833333333333;4.453935660506502;5
2022-04-24;14;18.475;71.45833333333333;4.453935660506502;6
2022-04-25;22;19.475;65.5;4.453935660506502;26
2022-04-26;4;19.1;75.58333333333333;19.8;26
2022-04-27;17;17.866666666666667;83.25;23.0;22
2022-04-28;5;16.483333333333334;87.375;38.0;12
2022-04-29;6;19.7375;82.79166666666667;4.453935660506502;10
2022-04-30;26;21.79583333333333;78.375;4.453935660506502;2
2022-05-01;26;22.816666666666663;74.375;4.453935660506502;3
2022-05-02;22;23.0;76.33333333333333;4.453935660506502;16
2022-05-03;12;22.84583333333333;73.0;4.453935660506502;20
2022-05-04;10;22.09166666666667;79.66666666666667;4.453935660506502;15
2022-05-05;2;20.6125;82.45833333333333;4.453935660506502;28
2022-05-06;3;20.275;86.5;10.8;17
2022-05-07;16;21.28333333333333;80.875;2.4000000000000004;7
2022-05-08;20;16.587500000000002;94.29166666666669;34.2;5
2022-05-09;15;12.395833333333334;91.0;1.2000000000000002;32
2022-05-10;28;16.9875;81.70833333333333;0.2;34
2022-05-11;17;16.729166666666668;78.20833333333333;0.2;30
2022-05-12;7;17.045833333333334;76.04166666666667;4.453935660506502;37
2022-05-13;5;15.879166666666668;69.70833333333333;4.453935660506502;27
2022-05-14;32;17.3;76.25;4.453935660506502;20
2022-05-15;34;16.979166666666668;86.79166666666667;19.6;4
2022-05-16;30;15.3875;78.0;1.4;59
2022-05-17;37;14.720833333333331;78.45833333333333;0.2;42
2022-05-18;27;15.941666666666668;76.5;4.453935660506502;30
2022-05-19;20;14.3375;87.66666666666667;14.2;35
2022-05-20;4;15.575;88.41666666666667;0.2;28
2022-05-21;59;11.245833333333332;74.45833333333333;4.453935660506502;18
2022-05-22;42;6.7125;77.95833333333333;4.453935660506502;12
2022-05-23;30;7.0;81.04166666666667;4.453935660506502;98
2022-05-24;35;8.954166666666667;82.125;0.2;84
2022-05-25;28;9.725;75.04166666666667;4.453935660506502;140
2022-05-26;18;11.033333333333331;69.54166666666667;4.453935660506502;96
2022-05-27;12;12.529166666666669;68.45833333333333;4.453935660506502;98
2022-05-28;98;14.645833333333334;68.54166666666667;4.453935660506502;29
2022-05-29;84;16.708333333333332;66.54166666666667;4.453935660506502;27
2022-05-30;140;18.120833333333334;66.83333333333333;4.453935660506502;104
2022-05-31;96;17.783333333333335;69.58333333333333;4.453935660506502;96
2022-06-01;98;17.979166666666668;70.16666666666667;4.453935660506502;70
2022-06-02;29;17.341666666666665;85.125;22.6;79
2022-06-03;27;18.7375;81.66666666666667;22.4;83
2022-06-04;104;15.941666666666668;94.5;16.2;32
2022-06-05;96;12.775;89.54166666666667;0.2;22
2022-06-06;70;13.270833333333334;94.25;27.4;130
2022-06-07;79;12.425;94.70833333333331;67.4;122
2022-06-08;83;12.270833333333334;84.125;4.453935660506502;96
2022-06-09;32;14.458333333333334;83.45833333333333;4.453935660506502;114
2022-06-10;22;17.283333333333335;77.0;4.453935660506502;106
2022-06-11;130;7.108333333333333;39.375;4.453935660506502;33
2022-06-12;122;19.297236481861734;67.50972507415013;4.453935660506502;11
2022-06-13;96;19.297236481861734;67.50972507415013;4.453935660506502;90
2022-06-14;114;19.297236481861734;67.50972507415013;4.453935660506502;96
2022-06-15;106;19.297236481861734;67.50972507415013;4.453935660506502;89
2022-06-16;33;19.297236481861734;67.50972507415013;4.453935660506502;23
2022-06-17;11;19.297236481861734;67.50972507415013;4.453935660506502;104
2022-06-18;90;19.297236481861734;67.50972507415013;4.453935660506502;44
2022-06-19;96;19.297236481861734;67.50972507415013;4.453935660506502;13
2022-06-20;89;19.297236481861734;67.50972507415013;4.453935660506502;137
2022-06-21;23;19.297236481861734;67.50972507415013;4.453935660506502;137
2022-06-22;104;19.297236481861734;67.50972507415013;4.453935660506502;122
2022-06-23;44;19.297236481861734;67.50972507415013;4.453935660506502;134
2022-06-24;13;19.297236481861734;67.50972507415013;4.453935660506502;105
2022-06-25;137;19.297236481861734;67.50972507415013;4.453935660506502;34
2022-06-26;137;19.297236481861734;67.50972507415013;4.453935660506502;36
2022-06-27;122;19.297236481861734;67.50972507415013;4.453935660506502;95
2022-06-28;134;19.297236481861734;67.50972507415013;4.453935660506502;99
2022-06-29;105;19.297236481861734;67.50972507415013;4.453935660506502;104
2022-06-30;34;19.297236481861734;67.50972507415013;4.453935660506502;144
2022-07-01;36;19.297236481861734;67.50972507415013;4.453935660506502;86
2022-07-02;95;19.297236481861734;67.50972507415013;4.453935660506502;34
2022-07-03;99;19.297236481861734;67.50972507415013;4.453935660506502;18
2022-07-04;104;19.297236481861734;67.50972507415013;4.453935660506502;108
2022-07-05;144;19.297236481861734;67.50972507415013;4.453935660506502;90
2022-07-06;86;19.297236481861734;67.50972507415013;4.453935660506502;98
2022-07-07;34;19.297236481861734;67.50972507415013;4.453935660506502;132
2022-07-08;18;19.297236481861734;67.50972507415013;4.453935660506502;124
2022-07-09;108;19.297236481861734;67.50972507415013;4.453935660506502;44
2022-07-10;90;19.297236481861734;67.50972507415013;4.453935660506502;16
2022-07-11;98;19.297236481861734;67.50972507415013;4.453935660506502;115
2022-07-12;132;19.297236481861734;67.50972507415013;4.453935660506502;89
2022-07-13;124;19.297236481861734;67.50972507415013;4.453935660506502;121
2022-07-14;44;19.297236481861734;67.50972507415013;4.453935660506502;155
2022-07-15;16;19.297236481861734;67.50972507415013;4.453935660506502;99
2022-07-16;115;19.297236481861734;67.50972507415013;4.453935660506502;23
2022-07-17;89;19.297236481861734;67.50972507415013;4.453935660506502;23
2022-07-18;121;19.297236481861734;67.50972507415013;4.453935660506502;83
2022-07-19;155;19.297236481861734;67.50972507415013;4.453935660506502;107
2022-07-20;99;19.297236481861734;67.50972507415013;4.453935660506502;58
2022-07-21;23;19.297236481861734;67.50972507415013;4.453935660506502;81
2022-07-22;23;19.297236481861734;67.50972507415013;4.453935660506502;52
2022-07-23;83;19.297236481861734;67.50972507415013;4.453935660506502;107
2022-07-24;107;19.297236481861734;67.50972507415013;4.453935660506502;15
2022-07-25;58;19.297236481861734;67.50972507415013;4.453935660506502;114
2022-07-26;81;19.297236481861734;67.50972507415013;4.453935660506502;73
2022-07-27;52;19.297236481861734;67.50972507415013;4.453935660506502;89
2022-07-28;107;19.297236481861734;67.50972507415013;4.453935660506502;78
2022-07-29;15;19.297236481861734;67.50972507415013;4.453935660506502;63
2022-07-30;114;19.297236481861734;67.50972507415013;4.453935660506502;19
2022-07-31;73;9.858333333333333;18.83333333333333;4.453935660506502;8
2022-08-01;89;20.416666666666668;55.083333333333336;4.453935660506502;81
2022-08-02;78;20.729166666666668;57.375;4.453935660506502;71
2022-08-03;63;13.8;67.54166666666667;6.0;75
2022-08-04;19;10.9;64.58333333333333;4.453935660506502;118
2022-08-05;8;14.3875;57.66666666666666;4.453935660506502;107
2022-08-06;81;18.78333333333333;59.41666666666666;4.453935660506502;19
2022-08-07;71;20.5875;58.04166666666666;0.4;20
2022-08-08;75;21.429166666666664;53.333333333333336;4.453935660506502;105
2022-08-09;118;18.741666666666667;62.75;0.2;89
2022-08-10;107;13.2;80.625;0.2;77
2022-08-11;19;13.133333333333333;77.5;2.6;72
2022-08-12;20;14.5625;93.75;76.8;76
2022-08-13;105;17.308333333333334;86.41666666666667;4.6;21
2022-08-14;89;13.354166666666666;92.04166666666669;0.4;7
2022-08-15;77;9.583333333333334;85.33333333333333;6.8;87
2022-08-16;72;11.883333333333333;70.54166666666667;4.453935660506502;44
2022-08-17;76;13.35;69.41666666666667;4.453935660506502;72
2022-08-18;21;15.879166666666668;63.458333333333336;4.453935660506502;43
2022-08-19;7;19.066666666666663;54.583333333333336;4.453935660506502;44
2022-08-20;87;21.10833333333333;50.5;4.453935660506502;13
2022-08-21;44;16.462500000000002;81.58333333333333;41.0;4
2022-08-22;72;14.116666666666667;94.5;4.2;45
2022-08-23;43;14.191666666666668;87.125;30.0;42
2022-08-24;44;6.179166666666667;61.91666666666666;4.453935660506502;52
2022-08-25;13;9.383333333333333;54.375;4.453935660506502;44
2022-08-26;4;14.583333333333334;70.25;4.453935660506502;29
2022-08-27;45;16.820833333333333;72.20833333333333;4.453935660506502;13
2022-08-28;42;17.633333333333333;67.95833333333333;4.453935660506502;5
2022-08-29;52;18.241666666666667;59.16666666666666;4.453935660506502;45
2022-08-30;44;19.29583333333333;55.708333333333336;4.453935660506502;47
2022-08-31;29;19.695833333333333;58.66666666666666;4.453935660506502;20
2022-09-01;13;20.466666666666665;51.54166666666666;4.453935660506502;21
2022-09-02;5;19.820833333333333;56.833333333333336;4.453935660506502;14
2022-09-03;45;14.325;61.29166666666666;4.453935660506502;4
2022-09-04;47;12.6375;59.458333333333336;4.453935660506502;8
2022-09-05;20;14.341666666666669;66.54166666666667;4.453935660506502;24
2022-09-06;21;18.679166666666667;63.79166666666666;4.453935660506502;16
2022-09-07;14;18.191666666666663;73.375;3.8;2
2022-09-08;4;14.675;81.0;5.800000000000001;7
2022-09-09;8;13.775;61.333333333333336;0.2;10
2022-09-10;24;13.075;86.75;5.2;1
2022-09-11;16;12.820833333333333;90.33333333333331;14.6;0
2022-09-12;2;16.245833333333334;80.5;23.2;9
2022-09-13;7;21.6;66.08333333333333;4.453935660506502;13
2022-09-14;10;23.079166666666666;63.91666666666666;7.0;4
2022-09-15;1;16.354166666666668;76.91666666666667;4.453935660506502;6
2022-09-16;0;17.320833333333333;63.708333333333336;4.453935660506502;1
2022-09-17;9;17.087500000000002;85.70833333333333;14.0;2
2022-09-18;13;16.808333333333334;86.58333333333333;7.6;0
2022-09-19;4;15.05;84.125;9.4;4
2022-09-20;6;16.912499999999998;64.5;4.453935660506502;7
2022-09-21;1;17.216666666666665;65.66666666666667;4.453935660506502;5
2022-09-22;2;16.120833333333334;60.04166666666666;4.453935660506502;2
2022-09-23;0;16.808333333333334;52.875;4.453935660506502;5
2022-09-24;4;15.3;73.95833333333333;44.6;0
2022-09-25;7;17.433333333333334;76.08333333333333;0.2;0
2022-09-26;5;16.570833333333333;88.875;37.2;6
2022-09-27;2;15.654166666666669;78.54166666666667;0.2;3
2022-09-28;5;10.6625;63.04166666666666;4.453935660506502;0
2022-09-29;0;15.066666666666665;50.333333333333336;4.453935660506502;4
2022-09-30;0;15.295833333333334;72.875;26.6;7
2022-10-01;6;14.166666666666666;93.66666666666669;45.6;0
2022-10-02;3;15.308333333333332;91.33333333333331;17.0;0
2022-10-03;0;15.5875;89.41666666666667;1.2;5
2022-10-04;4;15.441666666666668;81.29166666666667;4.4;2
2022-10-05;7;16.766666666666666;77.95833333333333;2.8;3
2022-10-06;0;17.595833333333335;81.5;1.4;0
2022-10-07;0;20.1;64.625;4.453935660506502;0
2022-10-08;5;20.09583333333333;55.91666666666666;4.453935660506502;0
2022-10-09;2;21.17083333333333;49.125;4.453935660506502;0
2022-10-10;3;19.0875;66.08333333333333;13.6;1
2022-10-11;0;16.745833333333334;87.54166666666667;33.4;2
2022-10-12;0;15.233333333333334;77.375;0.4;0
2022-10-13;0;16.833333333333332;59.083333333333336;4.453935660506502;1
2022-10-14;0;19.591666666666665;57.25;4.453935660506502;1
2022-10-15;1;17.420833333333334;84.54166666666667;22.0;1
2022-10-16;2;15.079166666666666;90.66666666666669;104.0;2
2022-10-17;0;14.770833333333334;93.16666666666669;1.6;3
2022-10-18;1;18.945833333333333;83.33333333333333;31.6;3
2022-10-19;1;18.620833333333334;84.58333333333333;28.0;1
2022-10-20;1;19.29583333333333;75.95833333333333;0.4;1
2022-10-21;2;19.52083333333333;78.375;4.4;0
2022-10-22;3;19.1875;60.0;4.453935660506502;0
2022-10-23;3;19.55;80.20833333333333;19.200000000000003;0
2022-10-24;1;21.1125;77.58333333333333;4.453935660506502;1
2022-10-25;1;16.370833333333334;90.58333333333331;151.4;1
2022-10-26;0;18.03333333333333;79.83333333333333;0.8;3
2022-10-27;0;18.15;74.0;4.453935660506502;0
2022-10-28;0;21.97083333333333;60.458333333333336;4.453935660506502;1
2022-10-29;1;23.570833333333336;47.25;4.453935660506502;0
2022-10-30;1;24.0375;44.625;4.453935660506502;0
2022-10-31;3;23.933333333333334;50.66666666666666;4.453935660506502;2
2022-11-01;0;22.516666666666666;59.833333333333336;4.453935660506502;7
2022-11-02;1;23.429166666666664;63.5;4.453935660506502;0
2022-11-03;0;22.4;67.45833333333333;4.453935660506502;4
2022-11-04;0;18.779166666666665;85.41666666666667;42.2;1
2022-11-05;2;17.212500000000002;89.79166666666667;39.8;1
2022-11-06;7;10.670833333333334;77.83333333333333;4.453935660506502;0
2022-11-07;0;11.9625;59.54166666666666;4.453935660506502;6
2022-11-08;4;15.716666666666669;56.833333333333336;4.453935660506502;1
2022-11-09;1;17.4375;52.66666666666666;4.453935660506502;7
2022-11-10;1;18.916666666666668;50.25;4.453935660506502;9
2022-11-11;0;19.65;49.0;4.453935660506502;15
2022-11-12;6;19.058333333333334;50.5;4.453935660506502;8
2022-11-13;1;19.7;45.5;4.453935660506502;5
2022-11-14;7;21.59166666666667;40.208333333333336;4.453935660506502;9
2022-11-15;9;23.53333333333333;38.333333333333336;4.453935660506502;10
2022-11-16;15;19.2125;73.95833333333333;3.0;24
2022-11-17;8;20.766666666666666;76.83333333333333;0.2;31
2022-11-18;5;18.3125;86.75;55.0;50
2022-11-19;9;19.070833333333333;78.79166666666667;4.800000000000001;25
2022-11-20;10;18.404166666666665;57.91666666666666;4.453935660506502;20
2022-11-21;24;19.933333333333334;52.125;4.453935660506502;74
2022-11-22;31;21.504166666666663;50.208333333333336;4.453935660506502;79
2022-11-23;50;21.65833333333333;43.0;4.453935660506502;85
2022-11-24;25;21.8375;48.333333333333336;4.453935660506502;122
2022-11-25;20;22.1875;61.91666666666666;4.453935660506502;117
2022-11-26;74;21.975;70.58333333333333;4.453935660506502;30
2022-11-27;79;19.758333333333333;83.20833333333333;16.8;18
2022-11-28;85;21.066666666666663;77.375;4.453935660506502;119
2022-11-29;122;20.816666666666663;64.5;4.453935660506502;149
2022-11-30;117;22.391666666666666;59.5;4.453935660506502;178
2022-12-01;30;21.5875;63.583333333333336;4.453935660506502;164
2022-12-02;18;21.925;70.375;11.2;147
2022-12-03;119;21.504166666666663;70.83333333333333;0.8;46
2022-12-04;149;22.504166666666663;66.20833333333333;4.453935660506502;25
2022-12-05;178;21.7375;72.0;4.453935660506502;127
2022-12-06;164;21.39583333333333;70.95833333333333;4.453935660506502;246
2022-12-07;147;22.7125;74.83333333333333;3.2;230
2022-12-08;46;22.370833333333334;79.29166666666667;4.453935660506502;149
2022-12-09;25;23.59583333333333;80.16666666666667;28.6;140
2022-12-10;127;22.129166666666663;78.5;4.453935660506502;57
2022-12-11;246;25.004166666666663;77.95833333333333;4.453935660506502;11
2022-12-12;230;25.054166666666664;75.875;4.453935660506502;197
2022-12-13;149;25.64583333333333;76.33333333333333;4.453935660506502;209
2022-12-14;140;25.77083333333333;78.0;4.453935660506502;194
2022-12-15;57;25.004166666666663;73.25;4.453935660506502;170
2022-12-16;11;23.258333333333336;87.95833333333333;65.0;155
2022-12-17;197;23.8375;82.83333333333333;4.453935660506502;60
2022-12-18;209;23.6125;77.95833333333333;9.6;36
2022-12-19;194;20.604166666666668;66.75;4.453935660506502;117
2022-12-20;170;22.070833333333336;72.29166666666667;4.453935660506502;156
2022-12-21;155;23.3875;68.66666666666667;4.453935660506502;163
2022-12-22;60;21.975;67.66666666666667;4.453935660506502;102
2022-12-23;36;21.291666666666668;78.66666666666667;4.453935660506502;52
2022-12-24;117;21.029166666666665;78.41666666666667;4.453935660506502;27
2022-12-25;156;20.9625;69.375;4.453935660506502;8
2022-12-26;163;22.05;68.0;4.453935660506502;160
2022-12-27;102;21.3875;68.125;4.453935660506502;133
2022-12-28;52;21.133333333333333;68.41666666666667;4.453935660506502;116
2022-12-29;27;22.0;67.16666666666667;4.453935660506502;100
2022-12-30;8;21.92083333333333;71.70833333333333;0.2;39
2022-12-31;160;24.004166666666663;68.29166666666667;4.453935660506502;14
2023-01-01;133;24.4625;67.0;4.453935660506502;2
2023-01-02;116;23.09166666666667;78.375;5.2;72
2023-01-03;100;21.7875;63.458333333333336;4.453935660506502;75
2023-01-04;39;22.995833333333334;61.125;4.453935660506502;110
2023-01-05;14;24.5625;68.41666666666667;4.453935660506502;60
2023-01-06;2;25.370833333333334;72.29166666666667;4.453935660506502;36
2023-01-07;72;21.616666666666664;84.625;40.8;13
2023-01-08;75;21.15;86.125;14.8;8
2023-01-09;110;20.308333333333334;77.375;5.0;65
2023-01-10;60;20.625;61.54166666666666;4.453935660506502;50
2023-01-11;36;20.4625;60.75;4.453935660506502;29
2023-01-12;13;21.2;64.16666666666667;4.453935660506502;21
2023-01-13;8;21.354166666666668;68.625;4.453935660506502;22
2023-01-14;65;21.579166666666666;72.375;4.453935660506502;2
2023-01-15;50;21.183333333333334;78.54166666666667;4.453935660506502;1
2023-01-16;29;23.3125;74.625;4.453935660506502;26
2023-01-17;21;22.258333333333336;78.16666666666667;4.453935660506502;26
2023-01-18;22;20.991666666666667;85.79166666666667;13.0;26
2023-01-19;2;21.416666666666668;84.16666666666667;37.400000000000006;47
2023-01-20;1;20.804166666666667;88.70833333333333;7.0;15
2023-01-21;26;24.27083333333333;76.91666666666667;0.2;1
2023-01-22;26;22.54583333333333;82.75;0.2;2
2023-01-23;26;22.820833333333336;79.25;4.453935660506502;22
2023-01-24;47;22.879166666666663;76.875;4.453935660506502;46
2023-01-25;15;23.46666666666667;76.91666666666667;4.453935660506502;16
2023-01-26;1;23.325;79.625;0.2;19
2023-01-27;2;21.375;82.91666666666667;1.6;10
2023-01-28;22;24.1125;71.79166666666667;4.453935660506502;5
2023-01-29;46;25.14583333333333;66.54166666666667;4.453935660506502;5
2023-01-30;16;26.191666666666663;58.54166666666666;4.453935660506502;13
2023-01-31;19;25.704166666666666;59.208333333333336;4.453935660506502;13
2023-02-01;10;25.15;59.333333333333336;4.453935660506502;19
2023-02-02;5;25.758333333333336;66.08333333333333;4.453935660506502;10
2023-02-03;5;24.84583333333333;71.66666666666667;4.453935660506502;9
2023-02-04;13;21.7125;83.33333333333333;50.8;1
2023-02-05;13;20.4125;91.91666666666669;4.2;1
2023-02-06;19;21.7625;86.29166666666667;10.6;13
2023-02-07;10;23.245833333333334;82.54166666666667;0.2;15
2023-02-08;9;20.64583333333333;89.33333333333333;27.0;17
2023-02-09;1;22.875;79.16666666666667;3.4000000000000004;10
2023-02-10;1;23.254166666666663;67.375;4.453935660506502;15
2023-02-11;13;23.75;58.54166666666666;4.453935660506502;4
2023-02-12;15;24.825;51.958333333333336;4.453935660506502;2
2023-02-13;17;24.65833333333333;54.208333333333336;4.453935660506502;24
2023-02-14;10;24.8125;58.66666666666666;4.453935660506502;10
2023-02-15;15;21.495833333333334;82.125;46.4;28
2023-02-16;4;21.7375;78.66666666666667;2.2;24
2023-02-17;2;23.979166666666668;74.625;0.2;17
2023-02-18;24;22.125;81.79166666666667;12.4;2
2023-02-19;10;20.70833333333333;90.54166666666669;21.2;1
2023-02-20;28;20.716666666666665;86.125;74.2;5
2023-02-21;24;19.6875;87.75;1.8;7
2023-02-22;17;19.5875;88.375;21.0;19
2023-02-23;2;17.7375;67.625;4.453935660506502;30
2023-02-24;1;18.9375;68.125;4.453935660506502;17
2023-02-25;5;17.316666666666666;87.375;62.6;6
2023-02-26;7;20.7125;80.04166666666667;4.2;8
2023-02-27;19;20.73333333333333;84.91666666666667;49.4;28
2023-02-28;30;20.604166666666668;87.95833333333333;11.0;12
2023-03-01;17;19.879166666666663;86.08333333333333;27.6;23
2023-03-02;6;22.3875;78.58333333333333;4.453935660506502;19
2023-03-03;8;21.20833333333333;80.58333333333333;29.0;31
2023-03-04;28;20.33333333333333;81.29166666666667;0.4;3
2023-03-05;12;21.52916666666667;76.41666666666667;9.2;4
2023-03-06;23;20.85833333333333;77.70833333333333;0.4;35
2023-03-07;19;20.404166666666665;81.83333333333333;11.8;16
2023-03-08;31;20.775;86.20833333333333;1.0;20
2023-03-09;3;23.6375;78.625;3.0;20
2023-03-10;4;23.475;73.16666666666667;4.453935660506502;34
2023-03-11;35;23.8875;67.54166666666667;4.453935660506502;2
2023-03-12;16;24.5;64.45833333333333;4.453935660506502;13
2023-03-13;20;22.929166666666664;75.08333333333333;4.453935660506502;33
2023-03-14;20;21.741666666666664;79.375;16.0;29
2023-03-15;34;22.17083333333333;76.83333333333333;4.453935660506502;28
2023-03-16;2;22.554166666666664;75.54166666666667;4.453935660506502;14
2023-03-17;13;22.641666666666666;74.625;4.453935660506502;24
2023-03-18;33;21.554166666666664;81.875;5.8;16
2023-03-19;29;21.7375;83.70833333333333;6.8;1
2023-03-20;28;22.0875;82.5;2.8;24
2023-03-21;14;22.354166666666668;78.04166666666667;4.453935660506502;24
2023-03-22;24;24.004166666666663;70.08333333333333;4.453935660506502;29
2023-03-23;16;24.683333333333334;63.833333333333336;4.453935660506502;18
2023-03-24;1;22.28333333333333;71.66666666666667;1.4;7
2023-03-25;24;23.85;66.33333333333333;4.453935660506502;10
2023-03-26;24;24.7375;65.95833333333333;4.453935660506502;2
2023-03-27;29;25.308333333333334;62.458333333333336;4.453935660506502;15
2023-03-28;18;25.48333333333333;61.66666666666666;4.453935660506502;15
2023-03-29;7;26.104166666666668;60.375;0.4;20
2023-03-30;10;25.054166666666664;65.20833333333333;4.453935660506502;10
2023-03-31;2;23.34583333333333;72.5;4.453935660506502;13
2023-04-01;15;22.5625;64.375;4.453935660506502;2
2023-04-02;15;23.808333333333334;71.0;4.453935660506502;0
2023-04-03;20;23.78333333333333;73.625;8.4;17
2023-04-04;10;20.454166666666666;78.95833333333333;8.4;36
2023-04-05;13;22.566666666666663;69.41666666666667;4.453935660506502;24
2023-04-06;2;23.48333333333333;72.5;4.453935660506502;28
2023-04-07;0;22.1125;53.583333333333336;4.453935660506502;13
2023-04-08;17;22.304166666666664;63.41666666666666;4.453935660506502;4
2023-04-09;36;22.90833333333333;67.08333333333333;1.8;1
2023-04-10;24;22.504166666666663;64.95833333333333;4.453935660506502;23
2023-04-11;28;18.375;84.54166666666667;27.4;19
2023-04-12;13;19.47083333333333;84.125;0.6000000000000001;17
2023-04-13;4;20.375;82.25;4.453935660506502;9
2023-04-14;1;20.995833333333334;77.83333333333333;4.453935660506502;15
2023-04-15;23;21.65416666666667;73.29166666666667;0.4;7
2023-04-16;19;22.20833333333333;68.33333333333333;4.453935660506502;2
2023-04-17;17;22.3625;61.833333333333336;4.453935660506502;9
2023-04-18;9;21.3625;69.70833333333333;30.4;6
2023-04-19;15;20.154166666666665;80.625;4.453935660506502;9
2023-04-20;7;20.216666666666665;81.5;4.453935660506502;14
2023-04-21;2;20.97083333333333;83.79166666666667;1.6;1
2023-04-22;9;19.1875;92.75;51.4;1
2023-04-23;6;19.45416666666667;83.95833333333333;12.6;1
2023-04-24;9;14.845833333333331;70.75;4.453935660506502;22
2023-04-25;14;14.354166666666666;64.625;4.453935660506502;10
2023-04-26;1;15.195833333333333;59.66666666666666;4.453935660506502;15
2023-04-27;1;16.941666666666666;62.708333333333336;4.453935660506502;20
2023-04-28;1;18.10833333333333;68.33333333333333;4.453935660506502;10
2023-04-29;22;20.129166666666663;66.5;4.453935660506502;3
2023-04-30;10;19.6;72.58333333333333;25.0;1
2023-05-01;15;17.375;87.58333333333333;6.0;8
2023-05-02;20;16.983333333333334;79.79166666666667;4.453935660506502;10
2023-05-03;10;17.099999999999998;74.08333333333333;4.453935660506502;9
2023-05-04;3;17.854166666666668;76.25;4.453935660506502;7
2023-05-05;1;18.0625;75.625;4.453935660506502;13
2023-05-06;8;20.191666666666663;70.16666666666667;4.453935660506502;2
2023-05-07;10;20.933333333333334;75.04166666666667;4.453935660506502;4
2023-05-08;9;18.575;90.66666666666669;27.8;7
2023-05-09;7;20.591666666666665;87.91666666666667;0.2;20
2023-05-10;13;21.72083333333333;82.5;4.453935660506502;5
2023-05-11;2;21.6375;78.20833333333333;4.453935660506502;9
2023-05-12;4;21.075;79.625;4.453935660506502;5
2023-05-13;7;19.716666666666665;85.08333333333333;29.6;1
2023-05-14;20;18.179166666666667;82.04166666666667;4.453935660506502;1
2023-05-15;5;16.970833333333335;68.04166666666667;4.453935660506502;7
2023-05-16;9;14.170833333333334;64.125;4.453935660506502;9
2023-05-17;5;13.554166666666667;63.583333333333336;4.453935660506502;9
2023-05-18;1;14.079166666666667;64.54166666666667;4.453935660506502;12
2023-05-19;1;15.6;61.54166666666666;4.453935660506502;9
2023-05-20;7;17.075;60.29166666666666;4.453935660506502;1
2023-05-21;9;17.816666666666666;53.5;4.453935660506502;0
2023-05-22;9;16.158333333333335;64.16666666666667;4.453935660506502;10
2023-05-23;12;15.525;71.83333333333333;4.453935660506502;3
2023-05-24;9;15.058333333333332;71.45833333333333;4.453935660506502;9
2023-05-25;1;15.366666666666667;73.75;4.453935660506502;9
2023-05-26;0;16.570833333333333;73.54166666666667;4.453935660506502;5
2023-05-27;10;16.916666666666668;77.54166666666667;4.6;1
2023-05-28;3;18.83333333333333;71.83333333333333;4.453935660506502;2
2023-05-29;9;18.3375;69.66666666666667;4.453935660506502;6
2023-05-30;9;18.425;69.54166666666667;4.453935660506502;6
2023-05-31;5;18.6625;71.875;4.453935660506502;4
2023-06-01;1;17.6375;82.125;4.0;2
2023-06-02;2;17.666666666666668;87.625;4.453935660506502;2
2023-06-03;6;16.820833333333333;87.375;4.453935660506502;0
2023-06-04;6;15.3625;84.25;4.453935660506502;0
2023-06-05;4;15.608333333333334;82.375;4.453935660506502;3
2023-06-06;2;17.275000000000002;78.16666666666667;2.2;4
2023-06-07;2;15.545833333333334;78.5;4.453935660506502;7
2023-06-08;0;15.225;79.625;4.453935660506502;0
2023-06-09;0;17.208333333333332;75.91666666666667;4.453935660506502;2
2023-06-10;3;17.883333333333333;69.29166666666667;4.453935660506502;2
2023-06-11;4;15.945833333333333;75.29166666666667;4.453935660506502;0
2023-06-12;7;15.520833333333334;74.45833333333333;4.453935660506502;5
2023-06-13;0;16.658333333333335;73.04166666666667;4.453935660506502;2
2023-06-14;2;16.720833333333335;71.29166666666667;4.453935660506502;2
2023-06-15;2;17.9875;72.0;4.453935660506502;3
2023-06-16;0;17.075;83.66666666666667;15.6;3
2023-06-17;5;12.691666666666668;89.29166666666667;16.8;0
2023-06-18;2;10.745833333333332;88.95833333333333;4.4;0
2023-06-19;2;10.325;93.95833333333331;13.2;2
2023-06-20;3;8.704166666666667;93.95833333333331;3.0;0
2023-06-21;3;9.625;91.125;1.0;3
2023-06-22;0;10.425;86.29166666666667;0.6000000000000001;1
2023-06-23;0;9.791666666666666;79.54166666666667;4.453935660506502;1
2023-06-24;2;11.3875;79.33333333333333;4.453935660506502;0
2023-06-25;0;13.395833333333334;77.33333333333333;4.453935660506502;0
2023-06-26;3;14.754166666666668;82.04166666666667;0.7999999999999999;2
2023-06-27;1;15.816666666666668;86.16666666666667;8.6;3
2023-06-28;1;15.983333333333334;82.95833333333333;9.2;1
2023-06-29;0;17.529166666666665;75.0;4.453935660506502;1
2023-06-30;0;18.0125;75.54166666666667;4.453935660506502;1
2023-07-01;2;17.454166666666666;76.70833333333333;4.453935660506502;0
2023-07-02;3;16.599999999999998;76.08333333333333;4.453935660506502;1
2023-07-03;1;17.795833333333334;71.70833333333333;4.453935660506502;2
2023-07-04;1;17.995833333333334;70.04166666666667;4.453935660506502;0
2023-07-05;1;17.474999999999998;77.04166666666667;4.453935660506502;2
2023-07-06;0;18.3875;73.5;4.453935660506502;4
2023-07-07;1;17.195833333333333;75.25;4.453935660506502;1
2023-07-08;2;15.583333333333334;79.33333333333333;4.453935660506502;1
2023-07-09;0;14.733333333333333;78.58333333333333;4.453935660506502;0
2023-07-10;2;15.25;71.375;4.453935660506502;1
2023-07-11;4;16.583333333333332;71.375;4.453935660506502;2
2023-07-12;1;17.395833333333332;68.54166666666667;4.453935660506502;0
2023-07-13;1;16.908333333333335;81.625;15.0;0
2023-07-14;0;17.466666666666665;89.54166666666667;11.4;1
2023-07-15;1;17.170833333333334;92.29166666666669;35.0;1
2023-07-16;2;19.745833333333334;84.33333333333333;3.0;0
2023-07-17;0;19.820833333333333;76.79166666666667;13.8;2
2023-07-18;0;10.129166666666666;85.875;0.4;0
2023-07-19;1;8.704166666666667;78.79166666666667;0.2;0
2023-07-20;1;9.954166666666667;76.5;4.453935660506502;2
2023-07-21;0;14.3625;68.16666666666667;4.453935660506502;1
2023-07-22;2;15.120833333333332;77.25;6.2;0
2023-07-23;0;14.383333333333333;87.83333333333333;0.4;0
2023-07-24;0;15.054166666666667;87.79166666666667;4.453935660506502;1
2023-07-25;2;16.587500000000002;77.04166666666667;4.453935660506502;0
2023-07-26;1;18.258333333333333;76.33333333333333;4.453935660506502;1
2023-07-27;0;18.52083333333333;77.41666666666667;4.453935660506502;0
2023-07-28;0;18.945833333333333;70.75;4.453935660506502;4
2023-07-29;1;19.229166666666668;71.79166666666667;4.453935660506502;0
2023-07-30;0;19.841666666666665;64.54166666666667;4.453935660506502;0
2023-07-31;1;19.6375;63.625;4.453935660506502;3
2023-08-01;0;16.054166666666667;87.70833333333333;7.6;3
2023-08-02;4;16.0125;87.125;11.2;0
2023-08-03;0;17.416666666666668;81.66666666666667;4.453935660506502;1
2023-08-04;0;16.441666666666666;82.95833333333333;0.2;1
2023-08-05;3;18.445833333333333;75.0;4.453935660506502;0
2023-08-06;3;18.729166666666668;73.875;4.453935660506502;0
2023-08-07;0;18.45;69.33333333333333;4.453935660506502;4
2023-08-08;1;20.291666666666668;58.41666666666666;4.453935660506502;0
2023-08-09;1;20.9875;57.375;4.453935660506502;2
2023-08-10;0;20.2125;59.208333333333336;4.453935660506502;1
2023-08-11;0;19.666666666666668;60.04166666666666;4.453935660506502;1
2023-08-12;4;19.791666666666668;65.91666666666667;3.6;0
2023-08-13;0;15.920833333333334;86.625;5.8;0
2023-08-14;2;15.004166666666668;90.16666666666669;52.2;2
2023-08-15;1;19.308333333333334;75.91666666666667;4.453935660506502;1
2023-08-16;1;20.8125;70.16666666666667;4.453935660506502;2
2023-08-17;0;17.883333333333333;80.25;7.8;1
2023-08-18;0;14.816666666666668;71.5;4.453935660506502;1
2023-08-19;2;18.041666666666668;69.91666666666667;4.453935660506502;0
2023-08-20;1;19.70833333333333;71.875;4.453935660506502;0
2023-08-21;2;20.341666666666665;65.66666666666667;4.453935660506502;2
2023-08-22;1;21.6375;63.583333333333336;4.453935660506502;2
2023-08-23;1;18.275;66.95833333333333;14.8;1
2023-08-24;0;14.108333333333334;80.58333333333333;0.8;2
2023-08-25;0;15.366666666666667;83.41666666666667;0.2;4
2023-08-26;2;19.54583333333333;72.25;4.453935660506502;1
2023-08-27;2;22.133333333333336;63.79166666666666;4.453935660506502;0
2023-08-28;1;25.65833333333333;53.54166666666666;4.453935660506502;2
2023-08-29;2;17.212500000000002;44.583333333333336;4.453935660506502;3
2023-08-30;4;18.825;87.33333333333333;4.453935660506502;4
2023-08-31;1;15.133333333333333;69.75;4.453935660506502;3
2023-09-01;0;13.816666666666668;55.625;4.453935660506502;7
2023-09-02;2;14.1625;59.79166666666666;4.453935660506502;1
2023-09-03;3;16.400000000000002;62.958333333333336;4.453935660506502;1
2023-09-04;4;19.116666666666667;62.16666666666666;4.453935660506502;5
2023-09-05;3;21.2875;59.875;4.453935660506502;2
2023-09-06;7;20.75;64.83333333333333;4.453935660506502;0
2023-09-07;1;18.1125;79.5;68.0;0
2023-09-08;1;22.254166666666663;72.41666666666667;4.453935660506502;1
2023-09-09;5;22.64583333333333;73.79166666666667;7.399999999999999;1
2023-09-10;2;15.891666666666666;77.95833333333333;0.2;1
2023-09-11;0;19.4125;72.25;4.453935660506502;6
2023-09-12;0;20.29583333333333;67.66666666666667;4.453935660506502;12
2023-09-13;1;17.433333333333334;83.875;29.4;17
2023-09-14;1;16.587500000000002;92.125;13.6;10
2023-09-15;1;20.683333333333334;76.75;4.453935660506502;8
2023-09-16;6;23.320833333333336;60.54166666666666;4.453935660506502;1
2023-09-17;12;24.5875;53.583333333333336;4.453935660506502;1
2023-09-18;17;18.916666666666668;75.625;15.2;21
2023-09-19;10;11.829166666666666;74.875;4.453935660506502;9
2023-09-20;8;15.5875;47.75;4.453935660506502;4
2023-09-21;1;19.1125;47.875;4.453935660506502;24
2023-09-22;1;24.654166666666665;51.79166666666666;4.453935660506502;21
2023-09-23;21;25.604166666666668;53.04166666666666;4.453935660506502;2
2023-09-24;9;24.6;63.875;4.453935660506502;0
2023-09-25;4;23.616666666666664;68.875;40.6;16
2023-09-26;24;24.40833333333333;65.75;9.599999999999998;19
2023-09-27;21;27.23333333333333;55.0;4.453935660506502;21
2023-09-28;2;27.866666666666664;52.41666666666666;4.453935660506502;8
2023-09-29;0;28.816666666666663;51.083333333333336;4.453935660506502;16
2023-09-30;16;28.254166666666663;54.75;3.2;4
2023-10-01;19;28.075;56.75;4.453935660506502;3
2023-10-02;21;19.820833333333333;79.16666666666667;4.453935660506502;28
2023-10-03;8;18.45833333333333;66.33333333333333;4.453935660506502;26
2023-10-04;16;20.3625;66.0;4.453935660506502;23
2023-10-05;4;21.5125;72.25;0.2;34
2023-10-06;3;22.175;71.66666666666667;10.6;28
2023-10-07;28;22.916666666666668;54.125;4.453935660506502;8
2023-10-08;26;26.304166666666664;49.833333333333336;4.453935660506502;2
2023-10-09;23;24.925;72.20833333333333;37.6;20
2023-10-10;34;18.379166666666663;88.08333333333333;6.8;29
2023-10-11;28;24.325;71.875;4.453935660506502;22
2023-10-12;8;25.5375;64.70833333333333;4.453935660506502;2
2023-10-13;2;17.533333333333335;84.79166666666667;49.8;10
2023-10-14;20;18.433333333333334;71.625;0.2;4
2023-10-15;29;20.495833333333334;59.16666666666666;4.453935660506502;5
2023-10-16;22;24.666666666666668;57.708333333333336;4.453935660506502;50
2023-10-17;2;22.5625;76.75;4.453935660506502;31
2023-10-18;10;16.283333333333335;65.91666666666667;4.453935660506502;35
2023-10-19;4;18.241666666666667;74.25;4.453935660506502;68
2023-10-20;5;22.575;66.41666666666667;4.453935660506502;38
2023-10-21;50;26.8;61.583333333333336;4.453935660506502;12
2023-10-22;31;21.53333333333333;74.20833333333333;16.4;2
2023-10-23;35;22.5375;74.25;4.453935660506502;53
2023-10-24;68;20.741666666666667;73.875;7.6;47
2023-10-25;38;20.954166666666666;76.83333333333333;1.7999999999999998;41
2023-10-26;12;23.7625;68.91666666666667;4.453935660506502;53
2023-10-27;2;23.90833333333333;58.375;4.453935660506502;41
2023-10-28;53;24.666666666666668;57.875;4.453935660506502;9
2023-10-29;47;20.416666666666668;79.45833333333333;17.2;5
2023-10-30;41;21.508333333333336;76.91666666666667;4.453935660506502;64
2023-10-31;53;23.120833333333334;71.41666666666667;4.453935660506502;31
2023-11-01;41;19.591666666666665;84.20833333333333;42.400000000000006;42
2023-11-02;9;18.704166666666666;89.70833333333333;38.6;3
2023-11-03;5;21.6125;87.54166666666667;22.0;8
2023-11-04;64;20.383333333333333;87.08333333333333;15.2;3
2023-11-05;31;20.166666666666668;84.95833333333333;24.0;1
2023-11-06;42;21.77916666666667;83.04166666666667;4.453935660506502;30
2023-11-07;3;19.95833333333333;87.79166666666667;10.2;72
2023-11-08;8;19.116666666666667;86.95833333333333;25.6;34
2023-11-09;3;12.666666666666666;74.58333333333333;4.453935660506502;24
2023-11-10;1;17.095833333333335;62.458333333333336;4.453935660506502;29
2023-11-11;30;21.7375;55.41666666666666;4.453935660506502;11
2023-11-12;72;22.525;56.29166666666666;4.453935660506502;1
2023-11-13;34;24.695833333333336;59.16666666666666;4.453935660506502;6
2023-11-14;24;21.683333333333334;79.45833333333333;10.6;2
2023-11-15;29;23.504166666666663;75.33333333333333;4.453935660506502;3
2023-11-16;11;26.2375;68.83333333333333;4.453935660506502;23
2023-11-17;1;27.291666666666668;61.875;4.453935660506502;12
2023-11-18;6;25.54583333333333;70.0;4.453935660506502;2
2023-11-19;2;19.316666666666663;87.70833333333333;72.4;2
2023-11-20;3;21.92083333333333;81.04166666666667;4.453935660506502;20
2023-11-21;23;25.704166666666666;76.0;4.453935660506502;8
2023-11-22;12;26.4375;71.54166666666667;4.453935660506502;12
2023-11-23;2;24.95833333333333;69.33333333333333;0.8;9
2023-11-24;2;22.5375;80.0;7.4;11
2023-11-25;20;21.066666666666663;83.125;4.453935660506502;1
2023-11-26;8;23.041666666666668;78.79166666666667;4.453935660506502;0
2023-11-27;12;24.10833333333333;79.70833333333333;4.453935660506502;8
2023-11-28;9;21.15833333333333;88.25;38.8;10
2023-11-29;11;20.79583333333333;86.16666666666667;4.453935660506502;9
2023-11-30;1;15.570833333333333;87.625;18.6;9
2023-12-01;0;17.333333333333332;89.25;0.4;8
2023-12-02;8;19.025;90.58333333333331;25.0;2
2023-12-03;10;19.879166666666663;89.70833333333333;9.6;1
2023-12-04;9;23.004166666666663;84.70833333333333;4.453935660506502;5
2023-12-05;9;25.675;78.375;4.453935660506502;13
2023-12-06;8;26.65833333333333;75.66666666666667;4.453935660506502;5
2023-12-07;2;25.816666666666663;76.91666666666667;4.453935660506502;13
2023-12-08;1;25.695833333333336;73.29166666666667;4.453935660506502;4
2023-12-09;5;22.4375;84.54166666666667;27.4;2
2023-12-10;13;21.9625;86.91666666666667;0.6;1
2023-12-11;5;22.1625;86.33333333333333;4.453935660506502;10
2023-12-12;13;21.516666666666666;88.08333333333333;22.2;2
2023-12-13;4;22.0125;80.45833333333333;4.453935660506502;6
2023-12-14;2;22.35833333333333;81.20833333333333;4.453935660506502;4
2023-12-15;1;19.704166666666666;87.33333333333333;15.2;8
2023-12-16;10;20.875;82.54166666666667;4.453935660506502;3
2023-12-17;2;22.6125;79.75;4.453935660506502;2
2023-12-18;6;22.9;79.33333333333333;4.453935660506502;0
2023-12-19;4;24.7875;75.75;4.453935660506502;4
2023-12-20;8;26.15833333333333;70.83333333333333;4.453935660506502;8
2023-12-21;3;27.754166666666663;56.333333333333336;4.453935660506502;4
2023-12-22;2;26.195833333333336;70.20833333333333;4.453935660506502;7
2023-12-23;0;25.854166666666668;70.33333333333333;0.8;1
2023-12-24;4;24.945833333333336;73.125;4.453935660506502;0
2023-12-25;8;22.7875;80.75;4.453935660506502;0
2023-12-26;4;24.291666666666668;70.41666666666667;4.453935660506502;3
2023-12-27;7;25.6875;69.08333333333333;4.453935660506502;3
2023-12-28;1;22.71666666666667;82.54166666666667;34.800000000000004;6
2023-12-29;0;20.454166666666666;87.25;4.453935660506502;6
2023-12-30;0;21.929166666666664;87.45833333333333;3.2;1
2023-12-31;3;22.2;76.75;4.453935660506502;2
